"(PDH-CSV 4.0) (W. Europe Daylight Time)(-120)","\\JP-K2PBKEPVX84C\Kernel FBT Agent\Buffers (Collected)","\\JP-K2PBKEPVX84C\Kernel FBT Agent\Buffers (Dirty)","\\JP-K2PBKEPVX84C\Kernel FBT Agent\Buffers (Free)","\\JP-K2PBKEPVX84C\Kernel FBT Agent\Events captured","\\JP-K2PBKEPVX84C\Kernel FBT Agent\Events captured (Delta)","\\JP-K2PBKEPVX84C\Kernel FBT Agent\Events dropped (Entry, Delta)","\\JP-K2PBKEPVX84C\Kernel FBT Agent\Events dropped (Exit, Delta)","\\JP-K2PBKEPVX84C\Kernel FBT Agent\Events dropped (Unwind, Delta)","\\JP-K2PBKEPVX84C\Kernel FBT Agent\Exception unwindings","\\JP-K2PBKEPVX84C\Kernel FBT Agent\Failed chunk flushes (Delta)","\\JP-K2PBKEPVX84C\Kernel FBT Agent\Image Infos dropped (Delta)","\\JP-K2PBKEPVX84C\Kernel FBT Agent\Instrumented Routines Count","\\JP-K2PBKEPVX84C\Kernel FBT Agent\Prealloc. Pool (Failed Alloc)","\\JP-K2PBKEPVX84C\Kernel FBT Agent\Prealloc. Pool (Free)","\\JP-K2PBKEPVX84C\Kernel FBT Agent\Reentrant executions (Delta)","\\JP-K2PBKEPVX84C\Kernel FBT Agent\Thread Teardowns","\\JP-K2PBKEPVX84C\LogicalDisk(F:)\Disk Write Bytes/sec","\\JP-K2PBKEPVX84C\Processor(_Total)\% Processor Time"
"07/22/2008 09:48:49.968","0","0","512","0"," "," "," "," ","0"," "," ","0","0","512"," ","0"," "," "
"07/22/2008 09:48:50.968","0","0","512","615000","617997.32099583268","0","0","0","0","0","0","809","0","469","234834.96248364571","4","0","14.84375"
"07/22/2008 09:48:51.968","0","0","512","2463000","1847953.254881104","0","0","0","0","0","0","809","0","463","715290.90627475525","46","0","18.75"
"07/22/2008 09:48:52.968","0","0","512","3741000","1277920.5584571215","0","0","0","0","0","0","809","0","455","493644.31275142368","72","0","14.453119999999997"
"07/22/2008 09:48:53.968","0","0","512","5286000","1545027.388788315","0","0","0","0","0","0","809","0","453","639912.34376247996","72","0","14.84375"
"07/22/2008 09:48:54.984","0","0","512","6639000","1332168.694522196","0","0","0","0","0","0","809","0","452","548674.30428475374","72","0","13.076923076923075"
"07/22/2008 09:48:56.000","0","0","512","8675000","2004632.1080250824","0","0","0","0","0","0","809","0","452","819662.16814616148","75","504.11180712615044","18.461538461538463"
"07/22/2008 09:48:57.015","0","0","512","11372000","2655389.7191514494","0","0","0","0","0","0","809","0","447","1101567.3059282526","75","0","23.076923076923073"
"07/22/2008 09:48:58.015","0","0","512","13948000","2575994.0914612664","0","0","0","0","0","0","809","0","433","1064493.5583789411","76","0","24.609380000000002"
"07/22/2008 09:48:59.015","0","0","512","16722000","2773932.785821538","0","0","0","0","0","0","809","0","433","1147041.2064526048","76","0","25.78125"
"07/22/2008 09:49:00.031","0","0","512","18856000","2101130.2257163455","0","0","0","0","0","0","809","0","433","856517.76127670391","76","12098.729247236388","24.999995076923078"
"07/22/2008 09:49:01.031","0","0","512","21560000","2703955.541322479","0","0","0","0","0","0","809","0","433","1120145.5824666987","76","0","24.609380000000002"
"07/22/2008 09:49:02.046","0","0","512","24313000","2710561.5780991213","0","0","0","0","0","0","809","0","430","1118597.4664205487","76","0","25.384615384615383"
"07/22/2008 09:49:03.046","0","0","512","26907000","2593959.7913859989","0","0","0","0","0","0","809","0","429","1075606.3271742414","77","0","22.65625"
"07/22/2008 09:49:04.046","0","0","512","29189000","2281962.2059458154","0","0","0","0","0","0","809","0","429","936670.48678289319","77","0","25.78125"
"07/22/2008 09:49:05.046","0","0","512","30283000","1093974.7229784827","0","0","0","0","0","0","809","0","428","417287.35829502007","82","4095.9053613527108","21.875"
"07/22/2008 09:49:06.046","0","0","512","32906000","2622946.8702607029","0","0","0","0","0","0","809","0","426","1048641.758981395","87","0","23.4375"
"07/22/2008 09:49:07.046","0","0","512","35608000","2701948.8162367065","0","0","0","0","0","0","809","0","410","1113604.9046744702","88","0","24.609369999999998"
"07/22/2008 09:49:08.046","0","0","512","38391000","2782960.4933847613","0","0","0","0","0","0","809","0","410","1144728.7495507505","88","0","25.78125"
"07/22/2008 09:49:09.046","0","0","512","41084000","2692905.7674846118","0","0","0","0","0","0","809","0","409","1109903.1612972168","88","0","25"
"07/22/2008 09:49:10.046","0","0","512","43087000","2002954.8695476633","0","0","0","0","0","0","809","0","406","813983.65937171096","88","12287.723133800144","25"
"07/22/2008 09:49:11.046","0","0","512","44968000","1880972.2822151508","0","0","0","0","0","0","809","0","399","770766.64207401895","88","0","25.390630000000002"
"07/22/2008 09:49:12.046","0","0","512","47658000","2689933.5098683061","0","0","0","0","0","0","809","0","393","1107067.6353560046","89","0","24.609369999999998"
"07/22/2008 09:49:13.046","0","0","512","50191000","2532946.147745023","0","0","0","0","0","0","809","0","393","1043808.8078747868","89","0","23.046880000000002"
"07/22/2008 09:49:14.046","0","0","512","52955000","2763954.337160978","0","0","0","0","0","0","809","0","393","1139970.1667387143","89","0","25.390619999999998"
"07/22/2008 09:49:15.046","0","0","512","55660000","2704958.3953987956","0","0","0","0","0","0","809","0","393","1113871.867686643","89","4095.9370009439808","24.609380000000002"
"07/22/2008 09:49:16.046","0","0","512","56944000","1283963.7947310749","0","0","0","0","0","0","809","0","393","519403.3538408298","89","0","27.34375"
"07/22/2008 09:49:17.046","0","0","512","59650000","2705945.4427389423","0","0","0","0","0","0","809","0","390","1115714.5049686693","89","0","24.609369999999998"
"07/22/2008 09:49:18.046","0","0","512","62400000","2749948.5359997489","0","0","0","0","0","0","809","0","389","1133464.7877368042","89","0","24.609380000000002"
"07/22/2008 09:49:19.046","0","0","512","63824000","1423971.4821240888","0","0","0","0","0","0","809","0","391","571249.55958545581","91","0","24.609369999999998"
"07/22/2008 09:49:20.046","0","0","512","66216000","2391948.8315138342","0","0","0","0","0","0","809","0","389","916429.39577425667","102","8191.8247607697867","22.265630000000002"
"07/22/2008 09:49:21.046","0","0","512","68924000","2707892.7938195812","0","0","0","0","0","0","809","0","388","1119914.6622870695","102","0","25"
"07/22/2008 09:49:22.046","0","0","512","71605000","2680999.4705158421","0","0","0","0","0","0","809","0","388","1108824.7810125805","102","0","25.390619999999998"
"07/22/2008 09:49:23.046","0","0","512","74295000","2689870.9835636844","0","0","0","0","0","0","809","0","388","1113435.5953967818","103","0","23.828130000000002"
"07/22/2008 09:49:24.046","0","0","512","76558000","2263010.5340506849","0","0","0","0","0","0","809","0","387","935973.35684705491","103","0","20.703119999999998"
"07/22/2008 09:49:25.046","0","0","512","78167000","1608964.1571970582","0","0","0","0","0","0","809","0","387","652941.45446038677","103","4095.9087556738036","24.21875"
"07/22/2008 09:49:26.046","0","0","512","80647000","2479933.678931701","0","0","0","0","0","0","809","0","387","1023974.6157634757","103","0","24.21875"
"07/22/2008 09:49:27.046","0","0","512","83342000","2694976.689034414","0","0","0","0","0","0","809","0","387","1116128.345731166","103","0","25"
"07/22/2008 09:49:28.046","0","0","512","85279000","1936951.4975258745","0","0","0","0","0","0","809","0","390","790631.20210135786","106","0","24.609380000000002"
"07/22/2008 09:49:29.046","0","0","512","87750000","2470946.2428197344","0","0","0","0","0","0","809","0","388","974617.79650165234","113","0","21.875"
"07/22/2008 09:49:30.046","0","0","512","90418000","2667911.1040895209","0","0","0","0","0","0","809","0","388","1099360.368854088","113","8191.7270482388876","24.21875"
"07/22/2008 09:49:31.046","0","0","512","93128000","2709995.7758996869","0","0","0","0","0","0","809","0","388","1117161.2586684213","113","0","24.609369999999998"
"07/22/2008 09:49:32.046","0","0","512","94679000","1550963.320634451","0","0","0","0","0","0","809","0","388","627282.16514766554","113","0","25"
"07/22/2008 09:49:33.046","0","0","512","96577000","1897942.3822821446","0","0","0","0","0","0","809","0","388","751067.1991086913","122","0","21.875"
"07/22/2008 09:49:34.046","0","0","512","99380000","2802963.8566846512","0","0","0","0","0","0","809","0","388","1157594.0731975962","122","0","25.390630000000002"
"07/22/2008 09:49:35.046","0","0","512","102159000","2778943.2206621272","0","0","0","0","0","0","809","0","388","1147981.5444534814","122","4095.9163122821419","25.390619999999998"
"07/22/2008 09:49:36.046","0","0","512","104964000","2804940.9224087615","0","0","0","0","0","0","809","0","388","1157349.6239329476","122","0","25.78125"
"07/22/2008 09:49:37.046","0","0","512","107780000","2815702.3876979277","0","0","0","0","0","0","809","0","384","1163969.9714497314","122","0","24.609380000000002"
"07/22/2008 09:49:38.046","0","0","512","109076000","1296038.8915347981","0","0","0","0","0","0","809","0","384","520266.61216039368","122","0","25"
"07/22/2008 09:49:39.046","0","0","512","111879000","2803033.5759990485","0","0","0","0","0","0","809","0","385","1160057.8956961257","123","0","25"
"07/22/2008 09:49:40.046","0","0","512","113772000","1892958.3701537908","0","0","0","0","0","0","809","0","387","768855.09137711849","125","12287.729768858839","24.21875"
"07/22/2008 09:49:41.046","0","0","512","116160000","2387951.4422213673","0","0","0","0","0","0","809","0","385","943227.81994178297","134","0","21.09375"
"07/22/2008 09:49:42.046","0","0","512","118178000","2017948.5007193079","0","0","0","0","0","0","809","0","383","824262.96430471458","134","0","24.21875"
"07/22/2008 09:49:43.046","0","0","512","120550000","2371963.2592076343","0","0","0","0","0","0","809","0","383","969936.97605183953","137","0","21.875"
"07/22/2008 09:49:44.046","0","0","512","123226000","2675879.1904196409","0","0","0","0","0","0","809","0","383","1102428.2279878419","137","0","24.609369999999998"
"07/22/2008 09:49:45.046","0","0","512","125861000","2634998.5507870275","0","0","0","0","0","0","809","0","383","1087419.4019342805","137","4095.9977472575579","24.609380000000002"
"07/22/2008 09:49:46.046","0","0","512","128519000","2657953.1182014816","0","0","0","0","0","0","809","0","383","1095253.6815770848","137","0","24.609369999999998"
"07/22/2008 09:49:47.046","0","0","512","130900000","2380955.2540408433","0","0","0","0","0","0","809","0","383","971773.73718389717","137","0","25.390630000000002"
"07/22/2008 09:49:48.046","0","0","512","131156000","255995.42803595436","0","0","0","0","0","0","809","0","383","90514.383453525181","137","0","25"
"07/22/2008 09:49:49.046","0","0","512","131844000","687985.12011383043","0","0","0","0","0","0","809","0","383","266433.23752617568","137","0","25.78125"
"07/22/2008 09:49:50.046","0","0","512","134499000","2654936.6647505728","0","0","0","0","0","0","809","0","384","1096856.8337633153","138","8191.8045791475297","24.609369999999998"
"07/22/2008 09:49:51.046","0","0","512","137083000","2583934.7734272275","0","0","0","0","0","0","809","0","384","1068086.0381771193","138","0","24.609380000000002"
"07/22/2008 09:49:52.046","0","0","512","139679000","2595960.5586102973","0","0","0","0","0","0","809","0","384","1071179.7251699215","138","0","23.828119999999998"
"07/22/2008 09:49:53.046","0","0","512","142380000","2700927.5156699065","0","0","0","0","0","0","809","0","383","1114598.0877216277","138","0","24.609380000000002"
"07/22/2008 09:49:54.046","0","0","512","144074000","1693957.8553821736","0","0","0","0","0","0","809","0","381","694693.71645242337","138","0","25.390619999999998"
"07/22/2008 09:49:55.046","0","0","512","144397000","322999.16587550729","0","0","0","0","0","0","809","0","381","118664.69355609","138","0","25.390630000000002"
"07/22/2008 09:49:56.046","0","0","512","146268000","1870950.4000062079","0","0","0","0","0","0","809","0","381","767742.64669159066","138","0","25.78125"
"07/22/2008 09:49:57.046","0","0","512","148887000","2618744.0339901177","0","0","0","0","0","0","809","0","381","1080838.3547450989","138","0","24.21875"
"07/22/2008 09:49:58.046","0","0","512","150009000","1121982.2843426217","0","0","0","0","0","0","809","0","368","361595.29055309831","147","0","17.1875"
"07/22/2008 09:49:59.046","0","0","512","152315000","2306065.6808737339","0","0","0","0","0","0","809","0","381","974272.74902984849","171","0","23.046869999999998"
"07/22/2008 09:50:00.046","0","0","512","155004000","2689018.3352853917","0","0","0","0","0","0","809","0","381","1110493.5719887444","171","0","24.21875"
"07/22/2008 09:50:01.046","0","0","512","157723000","2718933.1600979231","0","0","0","0","0","0","809","0","381","1119514.4788239608","171","0","24.609380000000002"
"07/22/2008 09:50:02.046","0","0","512","160443000","2719946.8331684493","0","0","0","0","0","0","809","0","381","1124463.0201086118","171","0","25"
"07/22/2008 09:50:03.046","0","0","512","162969000","2525949.1191844507","0","0","0","0","0","0","809","0","381","1035046.1508103294","171","0","25"
"07/22/2008 09:50:04.046","0","0","512","164894000","1924957.9912482575","0","0","0","0","0","0","809","0","381","779961.97873029846","174","0","21.484369999999998"
"07/22/2008 09:50:05.046","0","0","512","167468000","2573726.5355235799","0","0","0","0","0","0","809","0","381","1061626.1997281546","174","0","24.21875"
"07/22/2008 09:50:06.046","0","0","512","170128000","2660156.227069539","0","0","0","0","0","0","809","0","381","1096704.4078396764","174","0","24.21875"
"07/22/2008 09:50:07.046","0","0","512","172829000","2700957.0693606483","0","0","0","0","0","0","809","0","380","1114705.2822024843","174","0","24.21875"
"07/22/2008 09:50:08.046","0","0","512","175582000","2752951.5974386022","0","0","0","0","0","0","809","0","380","1133552.069818987","174","0","26.171880000000002"
"07/22/2008 09:50:09.046","0","0","512","177673000","2090956.1877220888","0","0","0","0","0","0","809","0","377","851648.15522358695","174","0","25"
"07/22/2008 09:50:10.046","0","0","512","180391000","2717938.4028634508","0","0","0","0","0","0","809","0","377","1122409.5626262093","174","0","24.609369999999998"
"07/22/2008 09:50:11.046","0","0","512","183178000","2786952.0029190565","0","0","0","0","0","0","809","0","377","1149872.1968211697","174","0","25"
"07/22/2008 09:50:12.046","0","0","512","185402000","2223929.0667758342","0","0","0","0","0","0","809","0","376","913586.86073357495","175","0","25"
"07/22/2008 09:50:13.046","0","0","512","187545000","2142969.9884556001","0","0","0","0","0","0","809","0","376","800964.78276864812","184","0","20.703130000000002"
"07/22/2008 09:50:14.046","0","0","512","189864000","2318954.288756364","0","0","0","0","0","0","809","0","376","945784.3566919514","187","0","22.265619999999998"
"07/22/2008 09:50:15.046","0","0","512","192500000","2635957.1733564916","0","0","0","0","0","0","809","0","376","1090491.2826858172","187","0","24.609380000000002"
"07/22/2008 09:50:16.046","0","0","512","195103000","2602969.3150126124","0","0","0","0","0","0","809","0","376","1076470.31007788","187","0","23.4375"
"07/22/2008 09:50:17.046","0","0","512","197756000","2652930.4253227999","0","0","0","0","0","0","809","0","376","1098589.1888455648","187","0","24.21875"
"07/22/2008 09:50:18.046","0","0","512","199060000","1303962.3262103347","0","0","0","0","0","0","809","0","376","526815.77935561107","187","0","25"
"07/22/2008 09:50:19.046","0","0","512","200995000","1934909.2114922362","0","0","0","0","0","0","809","0","376","760483.31711362477","196","0","17.1875"
"07/22/2008 09:50:20.046","0","0","512","203928000","2933028.0500457622","0","0","0","0","0","0","809","0","372","1209599.5680186681","196","0","25"
"07/22/2008 09:50:21.046","0","0","512","206796000","2867940.0149492887","0","0","0","0","0","0","809","0","372","1183570.2447677488","196","0","24.609369999999998"
"07/22/2008 09:50:22.046","0","0","512","209703000","2906951.9311178513","0","0","0","0","0","0","809","0","372","1199258.169262867","196","0","25.390630000000002"
"07/22/2008 09:50:23.046","0","0","512","212438000","2734930.2439293675","0","0","0","0","0","0","809","0","372","1132553.1135393092","196","0","24.21875"
"07/22/2008 09:50:24.046","0","0","512","215354000","2915938.3002880584","0","0","0","0","0","0","809","0","372","1200780.5921178677","196","0","25"
"07/22/2008 09:50:25.046","0","0","512","216768000","1413979.5985519036","0","0","0","0","0","0","809","0","373","573255.72884318139","197","0","25.78125"
"07/22/2008 09:50:26.046","0","0","512","219379000","2610906.8353823279","0","0","0","0","0","0","809","0","373","1075122.636551704","197","0","25.78125"
"07/22/2008 09:50:27.046","0","0","512","221535000","2155969.9761737147","0","0","0","0","0","0","809","0","372","842983.26069784816","206","0","20.703119999999998"
"07/22/2008 09:50:28.046","0","0","512","223841000","2305961.6095814132","0","0","0","0","0","0","809","0","370","934679.43914470903","215","0","21.484380000000002"
"07/22/2008 09:50:29.046","0","0","512","226538000","2696950.9234624836","0","0","0","0","0","0","809","0","370","1107940.838750618","215","0","24.609369999999998"
"07/22/2008 09:50:30.046","0","0","512","228060000","1521968.4351637755","0","0","0","0","0","0","809","0","373","601569.52375998313","224","0","23.046880000000002"
"07/22/2008 09:50:31.046","0","0","512","230669000","2608939.8067411403","0","0","0","0","0","0","809","0","370","1059897.5461252138","226","0","25.390619999999998"
"07/22/2008 09:50:32.046","0","0","512","233343000","2673945.5665139668","0","0","0","0","0","0","809","0","370","1098831.6310942925","226","0","24.21875"
"07/22/2008 09:50:33.046","0","0","512","235287000","1943860.6092404805","0","0","0","0","0","0","809","0","372","783658.80523194605","228","0","22.265630000000002"
"07/22/2008 09:50:34.046","0","0","512","237624000","2337072.8388967342","0","0","0","0","0","0","809","0","374","926594.87892391579","244","0","22.65625"
"07/22/2008 09:50:35.046","0","0","512","240313000","2688951.0488699335","0","0","0","0","0","0","809","0","370","1100075.9736175598","244","0","23.4375"
"07/22/2008 09:50:36.046","0","0","512","243194000","2880947.2295683832","0","0","0","0","0","0","809","0","370","1187907.2410530855","244","0","25.390619999999998"
"07/22/2008 09:50:37.046","0","0","512","245258000","2063952.3032546903","0","0","0","0","0","0","809","0","370","819219.06832062313","253","0","21.875"
"07/22/2008 09:50:38.046","0","0","512","247724000","2465944.9923072765","0","0","0","0","0","0","809","0","370","997986.73796739359","262","0","22.65625"
"07/22/2008 09:50:39.046","0","0","512","250435000","2710949.5504901032","0","0","0","0","0","0","809","0","370","1115641.2384355918","262","0","23.828130000000002"
"07/22/2008 09:50:40.046","0","0","512","253171000","2735778.1544561484","0","0","0","0","0","0","809","0","370","1126134.6812063341","262","0","25"
"07/22/2008 09:50:41.046","0","0","512","255276000","2105090.8455556645","0","0","0","0","0","0","809","0","370","856043.94272283511","262","0","24.609369999999998"
"07/22/2008 09:50:42.046","0","0","512","256794000","1517967.254470041","0","0","0","0","0","0","809","0","370","582359.43736510328","274","0","17.1875"
"07/22/2008 09:50:43.046","0","0","512","259386000","2591936.0196588635","0","0","0","0","0","0","809","0","370","1067091.6595008976","274","0","24.609380000000002"
"07/22/2008 09:50:44.046","0","0","512","262000000","2613954.4823880726","0","0","0","0","0","0","809","0","370","1080093.1919973779","274","0","25"
"07/22/2008 09:50:45.046","0","0","512","264615000","2614947.787335373","0","0","0","0","0","0","809","0","370","1075165.5321689323","274","0","25.390619999999998"
"07/22/2008 09:50:46.046","0","0","512","267244000","2628948.2767357365","0","0","0","0","0","0","809","0","370","1083821.6763416093","274","0","26.171880000000002"
"07/22/2008 09:50:47.046","0","0","512","269349000","2104861.9534488693","0","0","0","0","0","0","809","0","371","858098.72192965064","275","0","24.609369999999998"
"07/22/2008 09:50:48.046","0","0","512","270675000","1326028.9614060181","0","0","0","0","0","0","809","0","371","497105.85714187374","284","0","21.875"
"07/22/2008 09:50:49.046","0","0","512","273116000","2440948.7352558062","0","0","0","0","0","0","809","0","371","978596.44754192187","293","0","21.875"
"07/22/2008 09:50:50.046","0","0","512","273985000","868984.82899039215","0","0","0","0","0","0","809","0","371","310440.58023101412","312","0","16.796880000000002"
"07/22/2008 09:50:51.046","0","0","512","273989000","3999.9580514886479","0","0","0","0","0","0","809","0","371","2858.9700173015112","312","0","25"
"07/22/2008 09:50:52.046","0","0","512","273998000","8999.8138210060533","0","0","0","0","0","0","809","0","371","2698.9441669883709","312","0","25"
"07/22/2008 09:50:53.046","0","0","512","274008000","9999.7601367502994","0","0","0","0","0","0","809","0","371","4891.8826588982465","312","0","25"
"07/22/2008 09:50:54.046","0","0","512","274838000","829923.40205974691","0","0","0","0","0","0","809","0","372","177209.6444017358","319","0","23.046869999999998"
"07/22/2008 09:50:55.046","0","0","512","275606000","768026.07095323724","0","0","0","0","0","0","809","0","372","131985.48030010314","319","0","25"
"07/22/2008 09:50:56.046","0","0","512","277522000","1915948.337744629","0","0","0","0","0","0","809","0","373","742441.98055248056","349","0","22.65625"
"07/22/2008 09:50:57.046","0","0","512","280371000","2848982.1943064281","0","0","0","0","0","0","809","0","371","1130171.9366019813","399","0","27.34375"
"07/22/2008 09:50:58.046","0","0","512","282810000","2438945.3110673041","0","0","0","0","0","0","809","0","370","992547.74391392944","405","0","22.265630000000002"
"07/22/2008 09:50:59.046","0","0","512","285675000","2864958.3624523384","0","0","0","0","0","0","809","0","370","1179651.8556634514","405","0","25.390619999999998"
"07/22/2008 09:51:00.046","0","0","512","288467000","2791895.4356604349","0","0","0","0","0","0","809","0","370","1149860.9344726636","405","0","25.390630000000002"
"07/22/2008 09:51:01.046","0","0","512","291271000","2803948.8397274902","0","0","0","0","0","0","809","0","370","1154245.939866523","405","0","26.171869999999998"
"07/22/2008 09:51:02.046","0","0","512","293545000","2273974.8305703299","0","0","0","0","0","0","809","0","370","925958.7510502981","405","0","25.78125"
"07/22/2008 09:51:03.046","0","0","512","296189000","2643956.8450932684","0","0","0","0","0","0","809","0","370","1087389.2515326533","405","0","25.390630000000002"
"07/22/2008 09:51:04.046","0","0","512","298920000","2730934.5650300276","0","0","0","0","0","0","809","0","370","1125052.0430206587","405","0","25"
"07/22/2008 09:51:05.046","0","0","512","301683000","2762933.8293890511","0","0","0","0","0","0","809","0","370","1141020.6732380448","405","0","25.390619999999998"
"07/22/2008 09:51:06.046","0","0","512","304505000","2821951.5483032083","0","0","0","0","0","0","809","0","370","1161817.0520999129","405","0","25.390630000000002"
"07/22/2008 09:51:07.046","0","0","512","305560000","1054978.5396355665","0","0","0","0","0","0","809","0","369","427815.29738487833","409","0","24.609369999999998"
"07/22/2008 09:51:08.046","0","0","512","308122000","2561834.8170205727","0","0","0","0","0","0","809","0","369","993515.93969371612","418","0","22.65625"
"07/22/2008 09:51:09.046","0","0","512","310901000","2779066.3971839654","0","0","0","0","0","0","809","0","369","1141257.2668075771","418","0","25"
"07/22/2008 09:51:10.046","0","0","512","313732000","2830943.9416340552","0","0","0","0","0","0","809","0","369","1163313.9640511258","419","0","25"
"07/22/2008 09:51:11.046","0","0","512","316625000","2892944.8618493872","0","0","0","0","0","0","809","0","369","1191347.2934882489","421","0","26.171880000000002"
"07/22/2008 09:51:12.046","0","0","512","318739000","2113948.8093669112","0","0","0","0","0","0","809","0","369","860970.15105280327","421","0","25.390619999999998"
"07/22/2008 09:51:13.046","0","0","512","320651000","1911961.185768333","0","0","0","0","0","0","809","0","369","780112.16314386937","421","0","25"
"07/22/2008 09:51:14.046","0","0","512","323421000","2769959.026405442","0","0","0","0","0","0","809","0","369","1139714.1412000363","421","0","25.390630000000002"
"07/22/2008 09:51:15.046","0","0","512","326186000","2764909.8316323254","0","0","0","0","0","0","809","0","369","1136109.9495405322","421","0","25"
"07/22/2008 09:51:16.046","0","0","512","329007000","2820946.064859618","0","0","0","0","0","0","809","0","369","1160187.8177634801","421","0","25"
"07/22/2008 09:51:17.046","0","0","512","331382000","2374977.6846738136","0","0","0","0","0","0","809","0","369","975112.83782505209","421","0","25"
"07/22/2008 09:51:18.046","0","0","512","333054000","1671955.5563525145","0","0","0","0","0","0","809","0","369","679792.9298561957","421","0","25.78125"
"07/22/2008 09:51:19.046","0","0","512","335823000","2768961.3254995486","0","0","0","0","0","0","809","0","369","1139720.0813577296","421","0","25"
"07/22/2008 09:51:20.046","0","0","512","338625000","2801932.779810701","0","0","0","0","0","0","809","0","369","1152827.3429224361","422","0","25"
"07/22/2008 09:51:21.046","0","0","512","339868000","1242964.0000014449","0","0","0","0","0","0","809","0","372","432669.46858296479","435","0","23.046869999999998"
"07/22/2008 09:51:22.046","0","0","512","342698000","2829898.8725546021","0","0","0","0","0","0","809","0","369","1160352.5343883834","435","0","26.5625"
"07/22/2008 09:51:23.046","0","0","512","345487000","2789003.3083724654","0","0","0","0","0","0","809","0","369","1152843.3675262565","435","0","25.390630000000002"
"07/22/2008 09:51:24.046","0","0","512","348246000","2758936.2011953178","0","0","0","0","0","0","809","0","369","1137587.6939422293","435","0","25.78125"
"07/22/2008 09:51:25.046","0","0","512","350989000","2742939.7082638312","0","0","0","0","0","0","809","0","369","1131881.1204601096","435","0","25.390619999999998"
"07/22/2008 09:51:26.046","0","0","512","353355000","2365966.6614057473","0","0","0","0","0","0","809","0","369","968826.34836700943","435","0","25.78125"
"07/22/2008 09:51:27.046","0","0","512","355330000","1974957.6703092761","0","0","0","0","0","0","809","0","369","808459.67211070005","435","0","26.171880000000002"
"07/22/2008 09:51:28.046","0","0","512","358069000","2738939.5188801023","0","0","0","0","0","0","809","0","369","1133950.9601539185","435","0","25"
"07/22/2008 09:51:29.046","0","0","512","360484000","2414880.3064313508","0","0","0","0","0","0","809","0","369","994535.70582692535","435","0","25"
"07/22/2008 09:51:30.046","0","0","512","362669000","2185019.1430203915","0","0","0","0","0","0","809","0","369","845919.41112616262","444","0","22.65625"
"07/22/2008 09:51:31.046","0","0","512","365431000","2761942.5323174507","0","0","0","0","0","0","809","0","369","1136323.356542845","444","0","25"
"07/22/2008 09:51:32.046","0","0","512","368214000","2782941.0935670631","0","0","0","0","0","0","809","0","369","1145492.753388308","444","0","25"
"07/22/2008 09:51:33.046","0","0","512","369876000","1661949.3658235513","0","0","0","0","0","0","809","0","369","670887.56024425221","444","0","25.390619999999998"
"07/22/2008 09:51:34.046","0","0","512","371895000","2018985.5948979079","0","0","0","0","0","0","809","0","369","796370.31803982973","453","0","22.265630000000002"
"07/22/2008 09:51:35.046","0","0","512","374733000","2837945.1651754165","0","0","0","0","0","0","809","0","369","1170791.377949151","453","0","25"
"07/22/2008 09:51:36.046","0","0","512","377545000","2811876.329741084","0","0","0","0","0","0","809","0","369","1159714.9941104189","453","0","25.390619999999998"
"07/22/2008 09:51:37.046","0","0","512","380438000","2893012.4251777367","0","0","0","0","0","0","809","0","369","1193231.124799561","455","0","25.390630000000002"
"07/22/2008 09:51:38.046","0","0","512","383275000","2836893.2397380457","0","0","0","0","0","0","809","0","369","1170074.9667920487","455","0","25"
"07/22/2008 09:51:39.046","0","0","512","384643000","1367990.7782627093","0","0","0","0","0","0","809","0","369","548776.30065424682","455","0","25.390619999999998"
"07/22/2008 09:51:40.046","0","0","512","387522000","2878948.1514400067","0","0","0","0","0","0","809","0","369","1190401.561403844","455","0","25.390630000000002"
"07/22/2008 09:51:41.046","0","0","512","389230000","1707961.4458691645","0","0","0","0","0","0","809","0","372","657018.16900688212","466","0","22.65625"
"07/22/2008 09:51:42.046","0","0","512","392026000","2795938.3126582378","0","0","0","0","0","0","809","0","369","1144266.753815565","466","0","25.390619999999998"
"07/22/2008 09:51:43.046","0","0","512","393944000","1917931.7353239127","0","0","0","0","0","0","809","0","369","772465.50574326131","469","0","23.046880000000002"
"07/22/2008 09:51:44.046","0","0","512","396663000","2718962.5132415174","0","0","0","0","0","0","809","0","369","1118487.5792380201","469","0","25"
"07/22/2008 09:51:45.046","0","0","512","399345000","2681968.6753889872","0","0","0","0","0","0","809","0","369","1101929.1297895194","469","0","25.390619999999998"
"07/22/2008 09:51:46.046","0","0","512","402057000","2711955.8979197624","0","0","0","0","0","0","809","0","369","1116620.8414075314","469","0","25.78125"
"07/22/2008 09:51:47.046","0","0","512","404696000","2638946.6253401856","0","0","0","0","0","0","809","0","370","1087985.9946734083","470","0","25.390630000000002"
"07/22/2008 09:51:48.046","0","0","512","405894000","1197970.9544228858","0","0","0","0","0","0","809","0","370","475263.4769309992","470","0","25"
"07/22/2008 09:51:49.046","0","0","512","406216000","321992.83060637035","0","0","0","0","0","0","809","0","370","114965.44021476145","470","0","25"
"07/22/2008 09:51:50.046","0","0","512","408029000","1812947.1788382896","0","0","0","0","0","0","809","0","370","741353.40028198401","470","0","25.390619999999998"
"07/22/2008 09:51:51.046","0","0","512","410692000","2662968.258211907","0","0","0","0","0","0","809","0","370","1097606.9168526297","470","0","25.390630000000002"
"07/22/2008 09:51:52.046","0","0","512","413398000","2705938.8270172928","0","0","0","0","0","0","809","0","370","1116316.7634996818","470","0","25"
"07/22/2008 09:51:53.046","0","0","512","416090000","2691933.0061921533","0","0","0","0","0","0","809","0","370","1106833.4543710451","475","0","25"
"07/22/2008 09:51:54.046","0","0","512","418753000","2662969.9358210289","0","0","0","0","0","0","809","0","370","1097241.612451884","475","0","25"
"07/22/2008 09:51:55.046","0","0","512","419102000","348989.00363140478","0","0","0","0","0","0","809","0","370","130852.87692892473","475","0","25"
"07/22/2008 09:51:56.046","0","0","512","420089000","986987.95041210006","0","0","0","0","0","0","809","0","370","398655.13304081844","475","0","25.78125"
"07/22/2008 09:51:57.046","0","0","512","422802000","2712876.299324363","0","0","0","0","0","0","809","0","370","1116036.1114205788","475","0","25.78125"
"07/22/2008 09:51:58.046","0","0","512","424616000","1814007.1991610928","0","0","0","0","0","0","809","0","364","649431.57736713858","486","0","22.265619999999998"
"07/22/2008 09:51:59.046","0","0","512","427238000","2621948.7290743762","0","0","0","0","0","0","809","0","372","1102528.4405953293","510","0","25.78125"
"07/22/2008 09:52:00.046","0","0","512","429992000","2753939.5904029002","0","0","0","0","0","0","809","0","372","1131318.1837418985","510","0","25.78125"
"07/22/2008 09:52:01.046","0","0","512","432804000","2811948.3036228474","0","0","0","0","0","0","809","0","372","1159350.6858704935","510","0","25.78125"
"07/22/2008 09:52:02.046","0","0","512","435552000","2747932.2205113531","0","0","0","0","0","0","809","0","372","1130352.1191490623","510","0","25.390630000000002"
"07/22/2008 09:52:03.046","0","0","512","437805000","2252965.6262363018","0","0","0","0","0","0","809","0","372","918031.99347702251","510","0","26.171869999999998"
"07/22/2008 09:52:04.046","0","0","512","440201000","2395813.1432253136","0","0","0","0","0","0","809","0","372","975891.88721507625","513","0","22.265630000000002"
"07/22/2008 09:52:05.046","0","0","512","442944000","2743088.5584001481","0","0","0","0","0","0","809","0","372","1129324.4593286861","513","0","25"
"07/22/2008 09:52:06.046","0","0","512","445735000","2790931.1075879196","0","0","0","0","0","0","809","0","372","1148859.6411087315","513","0","25"
"07/22/2008 09:52:07.046","0","0","512","448527000","2791964.0718105552","0","0","0","0","0","0","809","0","372","1150148.1994003737","513","0","25"
"07/22/2008 09:52:08.046","0","0","512","451022000","2494943.6156838937","0","0","0","0","0","0","809","0","372","1017481.0055041381","513","0","25.390619999999998"
"07/22/2008 09:52:09.046","0","0","512","453439000","2416948.2332841964","0","0","0","0","0","0","809","0","372","991713.75926193735","514","0","25"
"07/22/2008 09:52:10.046","0","0","512","456220000","2780944.3685986912","0","0","0","0","0","0","809","0","372","1148983.0151694024","514","0","25"
"07/22/2008 09:52:11.046","0","0","512","458981000","2760780.4751266907","0","0","0","0","0","0","809","0","372","1134391.7982552259","514","0","25"
"07/22/2008 09:52:12.046","0","0","512","460791000","1809996.9208197179","0","0","0","0","0","0","809","0","368","655855.88425307057","523","0","23.046880000000002"
"07/22/2008 09:52:13.046","0","0","512","463164000","2373042.4141064966","0","0","0","0","0","0","809","0","368","967751.29691232031","526","0","23.046869999999998"
"07/22/2008 09:52:14.046","0","0","512","465909000","2744946.7768125776","0","0","0","0","0","0","809","0","368","1133405.0238259924","526","0","25"
"07/22/2008 09:52:15.046","0","0","512","468614000","2704944.8036000114","0","0","0","0","0","0","809","0","368","1117295.2007647902","526","0","25.390630000000002"
"07/22/2008 09:52:16.046","0","0","512","471334000","2719948.9138366804","0","0","0","0","0","0","809","0","368","1123354.9011140421","526","0","25.390619999999998"
"07/22/2008 09:52:17.046","0","0","512","473297000","1962962.0053665494","0","0","0","0","0","0","809","0","367","800924.49749275809","526","0","25.390630000000002"
"07/22/2008 09:52:18.046","0","0","512","475179000","1881904.7685899709","0","0","0","0","0","0","809","0","367","733422.88606269925","535","0","22.65625"
"07/22/2008 09:52:19.046","0","0","512","478234000","3055028.0711874096","0","0","0","0","0","0","809","0","367","1261521.5915167362","535","0","25"
"07/22/2008 09:52:20.046","0","0","512","481184000","2949924.9815957719","0","0","0","0","0","0","809","0","367","1217832.029783448","535","0","25"
"07/22/2008 09:52:21.046","0","0","512","484108000","2923947.3081318699","0","0","0","0","0","0","809","0","367","1207717.235969862","535","0","25"
"07/22/2008 09:52:22.046","0","0","512","487059000","2950924.7127267923","0","0","0","0","0","0","809","0","367","1218521.911713782","536","0","25"
"07/22/2008 09:52:23.046","0","0","512","490085000","3025947.6713256761","0","0","0","0","0","0","809","0","367","1249066.3994979663","536","0","25.390619999999998"
"07/22/2008 09:52:24.046","0","0","512","491182000","1096979.6227417146","0","0","0","0","0","0","809","0","367","436391.89367774315","536","0","25.390630000000002"
"07/22/2008 09:52:25.046","0","0","512","494132000","2949906.2100767987","0","0","0","0","0","0","809","0","367","1218634.2544925162","536","0","25"
"07/22/2008 09:52:26.046","0","0","512","496184000","2051981.2966580647","0","0","0","0","0","0","809","0","367","783470.85884165065","554","0","19.921869999999998"
"07/22/2008 09:52:27.046","0","0","512","498956000","2771939.3930603443","0","0","0","0","0","0","809","0","367","1138984.0967353065","554","0","25"
"07/22/2008 09:52:28.046","0","0","512","501757000","2800940.9856487913","0","0","0","0","0","0","809","0","366","1151828.7315753363","554","0","25"
"07/22/2008 09:52:29.046","0","0","512","503321000","1563952.7385297783","0","0","0","0","0","0","809","0","366","607100.65387689287","565","0","22.265630000000002"
"07/22/2008 09:52:30.046","0","0","512","506111000","2789969.9353381009","0","0","0","0","0","0","809","0","366","1146437.646010167","565","0","25.78125"
"07/22/2008 09:52:31.046","0","0","512","508907000","2795938.7320293104","0","0","0","0","0","0","809","0","366","1150065.7983756515","565","0","26.171869999999998"
"07/22/2008 09:52:32.046","0","0","512","510834000","1926864.7687855642","0","0","0","0","0","0","809","0","366","754492.0482425032","574","0","22.265630000000002"
"07/22/2008 09:52:33.046","0","0","512","513188000","2354069.0696023484","0","0","0","0","0","0","809","0","367","945808.75051723816","584","0","23.046869999999998"
"07/22/2008 09:52:34.046","0","0","512","516069000","2880948.6987885768","0","0","0","0","0","0","809","0","367","1190890.793742347","584","0","25.390630000000002"
"07/22/2008 09:52:35.046","0","0","512","518557000","2487933.9407855175","0","0","0","0","0","0","809","0","369","1017901.9728335454","586","0","22.65625"
"07/22/2008 09:52:36.046","0","0","512","520888000","2330958.0467176884","0","0","0","0","0","0","809","0","367","917873.47983770876","602","0","22.65625"
"07/22/2008 09:52:37.046","0","0","512","523686000","2797945.7386963628","0","0","0","0","0","0","809","0","367","1153827.6235149386","602","0","25"
"07/22/2008 09:52:38.046","0","0","512","526470000","2783942.7740070014","0","0","0","0","0","0","809","0","367","1144412.4757591512","602","0","25.390619999999998"
"07/22/2008 09:52:39.046","0","0","512","529250000","2779765.9877759172","0","0","0","0","0","0","809","0","367","1143404.7434488304","602","0","25.390630000000002"
"07/22/2008 09:52:40.046","0","0","512","530673000","1423055.777055575","0","0","0","0","0","0","809","0","367","538333.10011127242","611","0","23.4375"
"07/22/2008 09:52:41.046","0","0","512","533080000","2406959.6483302875","0","0","0","0","0","0","809","0","367","984037.50302368624","614","0","22.65625"
"07/22/2008 09:52:42.046","0","0","512","535757000","2676945.8467393522","0","0","0","0","0","0","809","0","365","1103188.6830508655","615","0","25.390619999999998"
"07/22/2008 09:52:43.046","0","0","512","538445000","2687935.4844414238","0","0","0","0","0","0","809","0","365","1108866.3850999642","615","0","25.390630000000002"
"07/22/2008 09:52:44.046","0","0","512","541155000","2709938.4825469595","0","0","0","0","0","0","809","0","365","1114752.6943530384","615","0","25.390619999999998"
"07/22/2008 09:52:45.046","0","0","512","543560000","2404962.0085624559","0","0","0","0","0","0","809","0","365","983411.46494575893","615","0","25.78125"
"07/22/2008 09:52:46.046","0","0","512","544702000","1141948.7905867214","0","0","0","0","0","0","809","0","365","420826.1285240532","624","0","23.4375"
"07/22/2008 09:52:47.046","0","0","512","547221000","2518788.8835421791","0","0","0","0","0","0","809","0","364","1016113.8327378639","633","0","22.265630000000002"
"07/22/2008 09:52:48.046","0","0","512","548219000","998064.44964817539","0","0","0","0","0","0","809","0","364","363488.4721356454","652","0","20.3125"
"07/22/2008 09:52:49.046","0","0","512","548228000","8999.8957950616859","0","0","0","0","0","0","809","0","364","2835.9671638661043","652","0","25"
"07/22/2008 09:52:50.046","0","0","512","548235000","6999.8658509246943","0","0","0","0","0","0","809","0","364","3361.9355701155459","652","0","25"
"07/22/2008 09:52:51.046","0","0","512","548359000","123995.95628296866","0","0","0","0","0","0","809","0","364","39836.700858071817","655","0","25"
"07/22/2008 09:52:52.046","0","0","512","549110000","750983.36331823189","0","0","0","0","0","0","809","0","365","145497.77675920914","659","0","25.390619999999998"
"07/22/2008 09:52:53.046","0","0","512","549945000","834946.83713290072","0","0","0","0","0","0","809","0","365","181148.4658862231","659","0","23.4375"
"07/22/2008 09:52:54.046","0","0","512","552677000","2732045.4703450385","0","0","0","0","0","0","809","0","368","1043113.3608839781","715","0","28.90625"
"07/22/2008 09:52:55.046","0","0","512","555540000","2862952.9485445768","0","0","0","0","0","0","809","0","364","1162937.8875936274","739","0","27.34375"
"07/22/2008 09:52:56.046","0","0","512","557982000","2441954.8402266675","0","0","0","0","0","0","809","0","364","992036.65398078086","742","0","22.65625"
"07/22/2008 09:52:57.046","0","0","512","560832000","2849931.0618910659","0","0","0","0","0","0","809","0","364","1178035.5040335567","742","0","25"
"07/22/2008 09:52:58.046","0","0","512","563593000","2760944.0232593468","0","0","0","0","0","0","809","0","364","1133691.0149892964","742","0","25.78125"
"07/22/2008 09:52:59.046","0","0","512","566391000","2797935.8764102226","0","0","0","0","0","0","809","0","364","1152535.5859853891","742","0","25.390630000000002"
"07/22/2008 09:53:00.046","0","0","512","568539000","2147904.726697918","0","0","0","0","0","0","809","0","364","873436.25751976913","742","0","26.5625"
"07/22/2008 09:53:01.046","0","0","512","571284000","2745017.9348125611","0","0","0","0","0","0","809","0","364","1129013.376506736","742","0","25"
"07/22/2008 09:53:02.046","0","0","512","574084000","2799937.4579605842","0","0","0","0","0","0","809","0","364","1154433.2134927565","742","0","25.390619999999998"
"07/22/2008 09:53:03.046","0","0","512","576893000","2808938.9843483036","0","0","0","0","0","0","809","0","364","1161109.7784233775","742","0","25.390630000000002"
"07/22/2008 09:53:04.046","0","0","512","579021000","2127962.426442794","0","0","0","0","0","0","809","0","364","871002.62065570941","742","0","25.390619999999998"
"07/22/2008 09:53:05.046","0","0","512","580465000","1443964.0750719353","0","0","0","0","0","0","809","0","364","530446.80281347572","751","0","23.046880000000002"
"07/22/2008 09:53:06.046","0","0","512","583233000","2767939.4078612411","0","0","0","0","0","0","809","0","364","1138498.0774770244","751","0","25.390619999999998"
"07/22/2008 09:53:07.046","0","0","512","586032000","2798848.7434996306","0","0","0","0","0","0","809","0","363","1151151.7889957784","751","0","25"
"07/22/2008 09:53:08.046","0","0","512","588808000","2776032.5238779606","0","0","0","0","0","0","809","0","363","1140842.3660602197","751","0","25"
"07/22/2008 09:53:09.046","0","0","512","591613000","2804943.5519222193","0","0","0","0","0","0","809","0","363","1152676.8029592664","751","0","25.390630000000002"
"07/22/2008 09:53:10.046","0","0","512","593032000","1418968.708974821","0","0","0","0","0","0","809","0","360","566528.50694242714","751","0","25.78125"
"07/22/2008 09:53:11.046","0","0","512","595627000","2594948.8872721111","0","0","0","0","0","0","809","0","360","1069270.9385622237","751","0","25.390619999999998"
"07/22/2008 09:53:12.046","0","0","512","598380000","2752930.3009884171","0","0","0","0","0","0","809","0","360","1130045.3893785633","751","0","25.390630000000002"
"07/22/2008 09:53:13.046","0","0","512","601170000","2789940.0038401214","0","0","0","0","0","0","809","0","360","1148284.3067633142","751","0","25"
"07/22/2008 09:53:14.046","0","0","512","603926000","2755887.2456922","0","0","0","0","0","0","809","0","360","1133413.6275407407","751","0","25.78125"
"07/22/2008 09:53:15.046","0","0","512","605650000","1724000.829654658","0","0","0","0","0","0","809","0","360","700662.3371853201","751","0","25.390619999999998"
"07/22/2008 09:53:16.046","0","0","512","607979000","2328949.4281274648","0","0","0","0","0","0","809","0","360","957212.21465639235","751","0","25"
"07/22/2008 09:53:17.046","0","0","512","610803000","2823939.7598110787","0","0","0","0","0","0","809","0","360","1160829.2372293661","751","0","25"
"07/22/2008 09:53:18.046","0","0","512","613133000","2329950.8567401357","0","0","0","0","0","0","809","0","360","957978.79433742212","751","0","26.171880000000002"
"07/22/2008 09:53:19.046","0","0","512","614893000","1759961.8757789715","0","0","0","0","0","0","809","0","360","639942.13760000432","764","0","22.65625"
"07/22/2008 09:53:20.046","0","0","512","617670000","2776939.8356313952","0","0","0","0","0","0","809","0","360","1147253.1439479711","764","0","25.78125"
"07/22/2008 09:53:21.046","0","0","512","620417000","2746801.6515444494","0","0","0","0","0","0","809","0","360","1132369.2308311479","764","0","25"
"07/22/2008 09:53:22.046","0","0","512","623179000","2762077.9438909795","0","0","0","0","0","0","809","0","360","1140391.1810346029","764","0","25.78125"
"07/22/2008 09:53:23.046","0","0","512","625921000","2741942.6708394098","0","0","0","0","0","0","809","0","359","1132207.3275518513","764","0","25"
"07/22/2008 09:53:24.046","0","0","512","627600000","1678963.9262631829","0","0","0","0","0","0","809","0","359","680546.37797593686","764","0","25.78125"
"07/22/2008 09:53:25.046","0","0","512","630227000","2626945.2525459421","0","0","0","0","0","0","809","0","359","1081551.4596791491","764","0","25.78125"
"07/22/2008 09:53:26.046","0","0","512","632977000","2749939.4925315776","0","0","0","0","0","0","809","0","359","1136396.9956297167","764","0","25.78125"
"07/22/2008 09:53:27.046","0","0","512","634758000","1780962.796617263","0","0","0","0","0","0","809","0","359","716976.02274531615","768","0","22.265619999999998"
"07/22/2008 09:53:28.046","0","0","512","637606000","2847838.0866536195","0","0","0","0","0","0","809","0","359","1135637.4335283318","773","0","26.171880000000002"
"07/22/2008 09:53:29.046","0","0","512","640371000","2765039.9953036495","0","0","0","0","0","0","809","0","359","1137768.4574093013","773","0","25.78125"
"07/22/2008 09:53:30.046","0","0","512","643136000","2764935.9795079068","0","0","0","0","0","0","809","0","359","1138455.6397186692","773","0","25"
"07/22/2008 09:53:31.046","0","0","512","644051000","914979.46265567001","0","0","0","0","0","0","809","0","361","356637.99501452903","775","0","22.65625"
"07/22/2008 09:53:32.046","0","0","512","646854000","2802939.9660304519","0","0","0","0","0","0","809","0","359","1126046.8820862921","782","0","24.609369999999998"
"07/22/2008 09:53:33.046","0","0","512","649689000","2834933.614601715","0","0","0","0","0","0","809","0","359","1170023.6016572667","782","0","25.78125"
"07/22/2008 09:53:34.046","0","0","512","652556000","2866942.3579812651","0","0","0","0","0","0","809","0","359","1183966.1954747953","782","0","25"
"07/22/2008 09:53:35.046","0","0","512","655402000","2845898.1834231569","0","0","0","0","0","0","809","0","359","1172495.0521069705","782","0","25"
"07/22/2008 09:53:36.046","0","0","512","657781000","2378977.7184569831","0","0","0","0","0","0","809","0","359","975044.86771431495","782","0","25"
"07/22/2008 09:53:37.046","0","0","512","659630000","1848960.9948317418","0","0","0","0","0","0","809","0","359","754632.08049095958","782","0","25.78125"
"07/22/2008 09:53:38.046","0","0","512","662454000","2823940.2257396285","0","0","0","0","0","0","809","0","359","1164931.3419322714","782","0","25"
"07/22/2008 09:53:39.046","0","0","512","664198000","1743958.2921001941","0","0","0","0","0","0","809","0","358","665960.07313057268","793","0","22.65625"
"07/22/2008 09:53:40.046","0","0","512","666953000","2754944.382507035","0","0","0","0","0","0","809","0","358","1133409.1184586983","793","0","26.171880000000002"
"07/22/2008 09:53:41.046","0","0","512","668903000","1949954.0821667532","0","0","0","0","0","0","809","0","358","785427.50462643476","796","0","22.65625"
"07/22/2008 09:53:42.046","0","0","512","671559000","2655897.3720514989","0","0","0","0","0","0","809","0","354","1094076.7231971438","797","0","25.390619999999998"
"07/22/2008 09:53:43.046","0","0","512","674289000","2729954.1413293355","0","0","0","0","0","0","809","0","355","1124013.118456665","798","0","25.390630000000002"
"07/22/2008 09:53:44.046","0","0","512","676947000","2657978.9327211669","0","0","0","0","0","0","809","0","355","1094794.3226034355","798","0","25.390619999999998"
"07/22/2008 09:53:45.046","0","0","512","679624000","2676931.4321155632","0","0","0","0","0","0","809","0","355","1100104.8215194587","798","0","25.78125"
"07/22/2008 09:53:46.046","0","0","512","680038000","413992.03188756906","0","0","0","0","0","0","809","0","355","152873.05764938166","798","0","25.390630000000002"
"07/22/2008 09:53:47.046","0","0","512","680347000","308994.65066384379","0","0","0","0","0","0","809","0","355","105604.17177348184","798","0","25.390619999999998"
"07/22/2008 09:53:48.046","0","0","512","683001000","2653936.9174965341","0","0","0","0","0","0","809","0","355","1094287.9894247558","798","0","25"
"07/22/2008 09:53:49.046","0","0","512","685693000","2691824.4267763137","0","0","0","0","0","0","809","0","355","1109434.6375480341","798","0","25"
"07/22/2008 09:53:50.046","0","0","512","688357000","2664054.7382962778","0","0","0","0","0","0","809","0","355","1098283.5664174205","799","0","25.390630000000002"
"07/22/2008 09:53:51.046","0","0","512","691063000","2705943.900420574","0","0","0","0","0","0","809","0","355","1113668.9114365077","799","0","25.390619999999998"
"07/22/2008 09:53:52.046","0","0","512","692860000","1796959.5379751541","0","0","0","0","0","0","809","0","355","737416.39564142004","799","0","25.78125"
"07/22/2008 09:53:53.046","0","0","512","693198000","337992.20440469531","0","0","0","0","0","0","809","0","355","125323.10949474214","799","0","25"
"07/22/2008 09:53:54.046","0","0","512","695009000","1810964.8930595154","0","0","0","0","0","0","809","0","355","741195.63135540776","799","0","25.78125"
"07/22/2008 09:53:55.046","0","0","512","697693000","2683943.5211754967","0","0","0","0","0","0","809","0","355","1104354.7608154817","799","0","25"
"07/22/2008 09:53:56.046","0","0","512","699481000","1787816.6505775938","0","0","0","0","0","0","809","0","355","657750.54443492822","832","0","22.65625"
"07/22/2008 09:53:57.046","0","0","512","702236000","2755156.0309170932","0","0","0","0","0","0","809","0","355","1134363.2416381952","832","0","25"
"07/22/2008 09:53:58.046","0","0","512","705016000","2779943.2002305556","0","0","0","0","0","0","809","0","355","1146752.5695638831","832","0","25.390630000000002"
"07/22/2008 09:53:59.046","0","0","512","707764000","2747939.9384043361","0","0","0","0","0","0","809","0","355","1131269.2738999983","832","0","25.390619999999998"
"07/22/2008 09:54:00.046","0","0","512","710551000","2786946.7985156537","0","0","0","0","0","0","809","0","355","1148263.0802057937","832","0","25.78125"
"07/22/2008 09:54:01.046","0","0","512","712540000","1988958.1757413687","0","0","0","0","0","0","809","0","357","803235.10939195869","834","0","24.609380000000002"
"07/22/2008 09:54:02.046","0","0","512","715151000","2610936.0304028247","0","0","0","0","0","0","809","0","355","1070074.7824856734","835","0","23.828119999999998"
"07/22/2008 09:54:03.046","0","0","512","717929000","2777731.9312651972","0","0","0","0","0","0","809","0","355","1141664.8221095465","835","0","25.390630000000002"
"07/22/2008 09:54:04.046","0","0","512","720720000","2791161.4611650473","0","0","0","0","0","0","809","0","355","1151043.5847679551","835","0","25"
"07/22/2008 09:54:05.046","0","0","512","723491000","2770936.3081575823","0","0","0","0","0","0","809","0","355","1139172.8153434896","835","0","25"
"07/22/2008 09:54:06.046","0","0","512","725631000","2139956.1319959941","0","0","0","0","0","0","809","0","355","867965.20715807425","835","0","25.78125"
"07/22/2008 09:54:07.046","0","0","512","728436000","2804936.9571117898","0","0","0","0","0","0","809","0","355","1157637.9812897909","835","0","25"
"07/22/2008 09:54:08.046","0","0","512","731178000","2741956.2634635656","0","0","0","0","0","0","809","0","355","1129933.9765912411","835","0","25"
"07/22/2008 09:54:09.046","0","0","512","733780000","2601932.3091708324","0","0","0","0","0","0","809","0","355","1070026.162627781","835","0","25.78125"
"07/22/2008 09:54:10.046","0","0","512","735727000","1946864.168249195","0","0","0","0","0","0","809","0","355","713604.21218680579","844","0","23.828119999999998"
"07/22/2008 09:54:11.046","0","0","512","738082000","2355068.7545134253","0","0","0","0","0","0","809","0","355","959162.0020345985","847","0","22.265630000000002"
"07/22/2008 09:54:12.046","0","0","512","740819000","2736942.8164306185","0","0","0","0","0","0","809","0","355","1130886.3721335588","847","0","25"
"07/22/2008 09:54:13.046","0","0","512","743534000","2714931.2325110678","0","0","0","0","0","0","809","0","355","1120841.6097917792","847","0","25.390619999999998"
"07/22/2008 09:54:14.046","0","0","512","746254000","2719945.690842147","0","0","0","0","0","0","809","0","355","1123909.5588969104","847","0","25"
"07/22/2008 09:54:15.046","0","0","512","747467000","1212975.4166353275","0","0","0","0","0","0","809","0","357","482545.22025924193","849","0","24.609380000000002"
"07/22/2008 09:54:16.046","0","0","512","750286000","2818933.101342639","0","0","0","0","0","0","809","0","355","1129002.2066249656","856","0","23.4375"
"07/22/2008 09:54:17.046","0","0","512","753279000","2992919.2306114989","0","0","0","0","0","0","809","0","356","1234485.6851504433","857","0","25"
"07/22/2008 09:54:18.046","0","0","512","756255000","2975900.5516096512","0","0","0","0","0","0","809","0","356","1228829.9350662311","857","0","25.390619999999998"
"07/22/2008 09:54:19.046","0","0","512","759188000","2932991.1279236395","0","0","0","0","0","0","809","0","356","1211879.3341566601","857","0","25.390630000000002"
"07/22/2008 09:54:20.046","0","0","512","762174000","2985938.0955860433","0","0","0","0","0","0","809","0","356","1231985.458500019","857","0","25"
"07/22/2008 09:54:21.046","0","0","512","764852000","2677938.5863612862","0","0","0","0","0","0","809","0","356","1097462.8316909915","857","0","25"
"07/22/2008 09:54:22.046","0","0","512","766213000","1360972.9020057549","0","0","0","0","0","0","809","0","357","555678.93601438496","858","0","25.78125"
"07/22/2008 09:54:23.046","0","0","512","768691000","2477946.9546767008","0","0","0","0","0","0","809","0","359","1014689.2785823041","860","0","23.4375"
"07/22/2008 09:54:24.046","0","0","512","771283000","2591913.4225364486","0","0","0","0","0","0","809","0","357","1013293.1530550122","876","0","21.484369999999998"
"07/22/2008 09:54:25.046","0","0","512","774034000","2750968.9010740467","0","0","0","0","0","0","809","0","357","1131529.2083820899","876","0","25.78125"
"07/22/2008 09:54:26.046","0","0","512","776081000","2046959.0439321317","0","0","0","0","0","0","809","0","357","833170.32971992227","876","0","25.390630000000002"
"07/22/2008 09:54:27.046","0","0","512","778409000","2327946.2985313628","0","0","0","0","0","0","809","0","357","928360.58441715792","887","0","23.4375"
"07/22/2008 09:54:28.046","0","0","512","781189000","2779944.6492108731","0","0","0","0","0","0","809","0","357","1143002.2419655605","887","0","25.390619999999998"
"07/22/2008 09:54:29.046","0","0","512","783463000","2273945.5403657989","0","0","0","0","0","0","809","0","357","923921.872624335","887","0","25.390630000000002"
"07/22/2008 09:54:30.046","0","0","512","785712000","2248950.296629841","0","0","0","0","0","0","809","0","357","894135.2389875747","896","0","22.265619999999998"
"07/22/2008 09:54:31.046","0","0","512","788299000","2586729.3055455363","0","0","0","0","0","0","809","0","357","1048074.3217641833","905","0","22.265630000000002"
"07/22/2008 09:54:32.046","0","0","512","791167000","2868189.6435433794","0","0","0","0","0","0","809","0","357","1184886.3442075818","905","0","25"
"07/22/2008 09:54:33.046","0","0","512","793498000","2330943.8955830438","0","0","0","0","0","0","809","0","357","927361.67896241345","914","0","22.65625"
"07/22/2008 09:54:34.046","0","0","512","795964000","2465943.6515138457","0","0","0","0","0","0","809","0","357","1000095.1471470902","923","0","22.265619999999998"
"07/22/2008 09:54:35.046","0","0","512","798771000","2806944.9326257873","0","0","0","0","0","0","809","0","357","1156567.3101623296","923","0","25"
"07/22/2008 09:54:36.046","0","0","512","801527000","2755937.9033816075","0","0","0","0","0","0","809","0","357","1132801.4757888522","923","0","25.390630000000002"
"07/22/2008 09:54:37.046","0","0","512","803558000","2030967.6576486109","0","0","0","0","0","0","809","0","358","826417.83962491341","924","0","25"
"07/22/2008 09:54:38.046","0","0","512","805392000","1833916.8866721333","0","0","0","0","0","0","809","0","358","708550.8883908398","936","0","19.921869999999998"
"07/22/2008 09:54:39.046","0","0","512","808122000","2729993.9839261598","0","0","0","0","0","0","809","0","358","1125172.5204630464","936","0","25"
"07/22/2008 09:54:40.046","0","0","512","810762000","2639937.8046202078","0","0","0","0","0","0","809","0","358","1088613.3529105827","936","0","25.78125"
"07/22/2008 09:54:41.046","0","0","512","813486000","2723940.1054593697","0","0","0","0","0","0","809","0","358","1121079.349482717","936","0","25.390630000000002"
"07/22/2008 09:54:42.046","0","0","512","816142000","2655944.8274454549","0","0","0","0","0","0","809","0","357","1095596.240926567","936","0","25.390619999999998"
"07/22/2008 09:54:43.046","0","0","512","817725000","1582968.5293936902","0","0","0","0","0","0","809","0","357","638363.30885674432","936","0","25.78125"
"07/22/2008 09:54:44.046","0","0","512","819755000","2029952.2288060153","0","0","0","0","0","0","809","0","357","793987.3149681522","945","0","23.828130000000002"
"07/22/2008 09:54:45.046","0","0","512","821772000","2016812.6402686965","0","0","0","0","0","0","809","0","359","785634.01544253679","963","0","18.75"
"07/22/2008 09:54:46.046","0","0","512","822201000","429022.74728993588","0","0","0","0","0","0","809","0","357","149295.91584480176","973","0","23.4375"
"07/22/2008 09:54:47.046","0","0","512","822206000","4999.9461019284736","0","0","0","0","0","0","809","0","357","2509.9729431680935","973","0","25"
"07/22/2008 09:54:48.046","0","0","512","822213000","6999.8598138122343","0","0","0","0","0","0","809","0","357","2457.9507746214958","973","0","25"
"07/22/2008 09:54:49.046","0","0","512","822920000","706974.56899309217","0","0","0","0","0","0","809","0","358","168532.93760046217","980","0","25.78125"
"07/22/2008 09:54:50.046","0","0","512","823221000","300996.77678134711","0","0","0","0","0","0","809","0","358","28127.698795035652","980","0","25"
"07/22/2008 09:54:51.046","0","0","512","824969000","1747939.6932184044","0","0","0","0","0","0","809","0","359","550085.02116602811","998","0","23.828119999999998"
"07/22/2008 09:54:52.046","0","0","512","827756000","2786634.2982238308","0","0","0","0","0","0","809","0","355","1104010.1160944866","1055","0","27.34375"
"07/22/2008 09:54:53.046","0","0","512","830574000","2818205.9951400938","0","0","0","0","0","0","809","0","358","1158931.7114443267","1061","0","25"
"07/22/2008 09:54:54.046","0","0","512","833049000","2475004.2909314162","0","0","0","0","0","0","809","0","358","1005506.7432537348","1064","0","22.265630000000002"
"07/22/2008 09:54:55.046","0","0","512","835834000","2784935.8610494244","0","0","0","0","0","0","809","0","358","1145883.6095278801","1064","0","25"
"07/22/2008 09:54:56.046","0","0","512","838635000","2800937.7612177432","0","0","0","0","0","0","809","0","358","1154308.3504668055","1064","0","25.390619999999998"
"07/22/2008 09:54:57.046","0","0","512","841415000","2779942.6164691281","0","0","0","0","0","0","809","0","358","1143291.4001972666","1064","0","25.390630000000002"
"07/22/2008 09:54:58.046","0","0","512","843557000","2141953.207524552","0","0","0","0","0","0","809","0","358","872340.94309809431","1064","0","25.78125"
"07/22/2008 09:54:59.046","0","0","512","846310000","2752797.8120554034","0","0","0","0","0","0","809","0","358","1134011.7089222567","1064","0","25"
"07/22/2008 09:55:00.046","0","0","512","849081000","2771087.6334555717","0","0","0","0","0","0","809","0","358","1142296.1242118229","1064","0","25.390619999999998"
"07/22/2008 09:55:01.046","0","0","512","851895000","2813940.01533334","0","0","0","0","0","0","809","0","358","1161215.2464128244","1064","0","25.78125"
"07/22/2008 09:55:02.046","0","0","512","853151000","1255973.1840729518","0","0","0","0","0","0","809","0","358","508086.15199674724","1064","0","25"
"07/22/2008 09:55:03.046","0","0","512","855463000","2311934.5305407494","0","0","0","0","0","0","809","0","358","892308.73156381887","1073","0","23.046880000000002"
"07/22/2008 09:55:04.046","0","0","512","858274000","2810957.7558747297","0","0","0","0","0","0","809","0","358","1154658.6473576697","1073","0","25"
"07/22/2008 09:55:05.046","0","0","512","861047000","2772944.0399220963","0","0","0","0","0","0","809","0","358","1139576.0025067367","1073","0","25"
"07/22/2008 09:55:06.046","0","0","512","863860000","2812837.1126749879","0","0","0","0","0","0","809","0","358","1156904.0053639151","1073","0","25"
"07/22/2008 09:55:07.046","0","0","512","866605000","2744932.9326716396","0","0","0","0","0","0","809","0","358","1127863.4427555369","1073","0","26.171869999999998"
"07/22/2008 09:55:08.046","0","0","512","867893000","1288023.7215838528","0","0","0","0","0","0","809","0","358","514454.47472842014","1073","0","25.78125"
"07/22/2008 09:55:09.046","0","0","512","870640000","2746942.9577218615","0","0","0","0","0","0","809","0","359","1129136.5526542473","1074","0","25"
"07/22/2008 09:55:10.046","0","0","512","873410000","2769940.8701655199","0","0","0","0","0","0","809","0","359","1139743.6699302578","1074","0","25.78125"
"07/22/2008 09:55:11.046","0","0","512","876192000","2781942.8255494391","0","0","0","0","0","0","809","0","359","1144099.4864831418","1074","0","25"
"07/22/2008 09:55:12.046","0","0","512","878992000","2799939.3163323347","0","0","0","0","0","0","809","0","360","1153299.0043105977","1075","0","26.171880000000002"
"07/22/2008 09:55:13.046","0","0","512","880242000","1249939.4856926578","0","0","0","0","0","0","809","0","360","504909.55541498918","1075","0","25.78125"
"07/22/2008 09:55:14.046","0","0","512","883056000","2814019.5991565292","0","0","0","0","0","0","809","0","360","1157486.0616888774","1075","0","25.390619999999998"
"07/22/2008 09:55:15.046","0","0","512","885813000","2756938.8733009989","0","0","0","0","0","0","809","0","360","1133263.8733349349","1075","0","25"
"07/22/2008 09:55:16.046","0","0","512","887310000","1496967.2527888166","0","0","0","0","0","0","809","0","360","606370.73521382338","1075","0","25.390630000000002"
"07/22/2008 09:55:17.046","0","0","512","889884000","2573946.337777846","0","0","0","0","0","0","809","0","360","984506.47478376434","1088","0","22.265619999999998"
"07/22/2008 09:55:18.046","0","0","512","892647000","2762937.4037643522","0","0","0","0","0","0","809","0","360","1140823.1538715735","1088","0","25"
"07/22/2008 09:55:19.046","0","0","512","895429000","2781961.3942958936","0","0","0","0","0","0","809","0","360","1150619.0326835569","1088","0","25.390630000000002"
"07/22/2008 09:55:20.046","0","0","512","898213000","2783849.9507590728","0","0","0","0","0","0","809","0","360","1147161.1681248837","1088","0","25.390619999999998"
"07/22/2008 09:55:21.046","0","0","512","900969000","2756008.2815978462","0","0","0","0","0","0","809","0","360","1137498.4180972939","1088","0","26.5625"
"07/22/2008 09:55:22.046","0","0","512","902533000","1563973.0827412109","0","0","0","0","0","0","809","0","360","630959.14067597303","1088","0","26.171880000000002"
"07/22/2008 09:55:23.046","0","0","512","905275000","2741942.9998574653","0","0","0","0","0","0","809","0","360","1132027.4671523133","1088","0","25.390619999999998"
"07/22/2008 09:55:24.046","0","0","512","908033000","2757934.7351061162","0","0","0","0","0","0","809","0","360","1141644.9836468708","1088","0","25"
"07/22/2008 09:55:25.046","0","0","512","909831000","1797964.9495495695","0","0","0","0","0","0","809","0","360","683116.68297319103","1097","0","23.4375"
"07/22/2008 09:55:26.046","0","0","512","912599000","2767940.352376597","0","0","0","0","0","0","809","0","360","1140255.4281098216","1097","0","26.171880000000002"
"07/22/2008 09:55:27.046","0","0","512","915351000","2751746.7183656651","0","0","0","0","0","0","809","0","361","1129924.9972412915","1098","0","25"
"07/22/2008 09:55:28.046","0","0","512","917777000","2426125.3608286865","0","0","0","0","0","0","809","0","362","991117.21222384309","1099","0","25.390619999999998"
"07/22/2008 09:55:29.046","0","0","512","919055000","1277967.9174174978","0","0","0","0","0","0","809","0","362","487829.7533402089","1108","0","22.65625"
"07/22/2008 09:55:30.046","0","0","512","921920000","2864945.9004303422","0","0","0","0","0","0","809","0","362","1182367.673022629","1108","0","25.390630000000002"
"07/22/2008 09:55:31.046","0","0","512","924741000","2820939.6228229771","0","0","0","0","0","0","809","0","362","1162182.1255661906","1108","0","25"
"07/22/2008 09:55:32.046","0","0","512","927575000","2833940.8429638292","0","0","0","0","0","0","809","0","362","1169506.587160314","1108","0","25.390619999999998"
"07/22/2008 09:55:33.046","0","0","512","930447000","2871944.2928532581","0","0","0","0","0","0","809","0","362","1185468.0054592276","1108","0","25.390630000000002"
"07/22/2008 09:55:34.046","0","0","512","932020000","1572866.6871524181","0","0","0","0","0","0","809","0","362","632983.34967253997","1108","0","26.171869999999998"
"07/22/2008 09:55:35.046","0","0","512","934660000","2640075.7385793808","0","0","0","0","0","0","809","0","362","1089304.2499960521","1108","0","25.390630000000002"
"07/22/2008 09:55:36.046","0","0","512","936806000","2145982.6045633974","0","0","0","0","0","0","809","0","362","875729.90129195526","1108","0","25"
"07/22/2008 09:55:37.046","0","0","512","939196000","2389913.9682353302","0","0","0","0","0","0","809","0","364","940115.15787551354","1121","0","22.65625"
"07/22/2008 09:55:38.046","0","0","512","941202000","2005998.6033583884","0","0","0","0","0","0","809","0","366","814694.43278318155","1123","0","22.65625"
"07/22/2008 09:55:39.046","0","0","512","943853000","2650935.7362970053","0","0","0","0","0","0","809","0","364","1085871.6764139743","1124","0","25"
"07/22/2008 09:55:40.046","0","0","512","946587000","2733929.7055898053","0","0","0","0","0","0","809","0","364","1126013.0481132974","1124","0","26.171869999999998"
"07/22/2008 09:55:41.046","0","0","512","949286000","2698735.2134673563","0","0","0","0","0","0","809","0","365","1109039.1865679477","1125","0","25.390630000000002"
"07/22/2008 09:55:42.046","0","0","512","951943000","2657160.9335715049","0","0","0","0","0","0","809","0","366","1093654.2382471189","1126","0","25.390619999999998"
"07/22/2008 09:55:43.046","0","0","512","953853000","1909955.4681141137","0","0","0","0","0","0","809","0","366","774625.93907947093","1126","0","25"
"07/22/2008 09:55:44.046","0","0","512","954155000","301995.00286261854","0","0","0","0","0","0","809","0","366","106628.23561338085","1126","0","25"
"07/22/2008 09:55:45.046","0","0","512","955292000","1136971.5551040282","0","0","0","0","0","0","809","0","366","457966.54253600049","1126","0","25.390630000000002"
"07/22/2008 09:55:46.046","0","0","512","957954000","2661948.8951862687","0","0","0","0","0","0","809","0","366","1095759.963304322","1126","0","25"
"07/22/2008 09:55:47.046","0","0","512","960618000","2663941.464679624","0","0","0","0","0","0","809","0","366","1100147.8262310477","1126","0","26.171869999999998"
"07/22/2008 09:55:48.046","0","0","512","963352000","2733729.4017258035","0","0","0","0","0","0","809","0","366","1124719.6695949661","1126","0","25.390630000000002"
"07/22/2008 09:55:49.046","0","0","512","966011000","2659149.0681700576","0","0","0","0","0","0","809","0","366","1095139.3919795149","1126","0","26.171869999999998"
"07/22/2008 09:55:50.046","0","0","512","966994000","982980.04477524653","0","0","0","0","0","0","809","0","366","397436.93173519621","1126","0","25.390630000000002"
"07/22/2008 09:55:51.046","0","0","512","967294000","299993.79290860979","0","0","0","0","0","0","809","0","366","107837.76875754827","1126","0","25.390619999999998"
"07/22/2008 09:55:52.046","0","0","512","970028000","2733943.0123825972","0","0","0","0","0","0","809","0","366","1127589.4959845566","1126","0","25"
"07/22/2008 09:55:53.046","0","0","512","971814000","1785951.2469822217","0","0","0","0","0","0","809","0","368","728757.1063392848","1128","0","23.046880000000002"
"07/22/2008 09:55:54.046","0","0","512","974456000","2641951.5775405848","0","0","0","0","0","0","809","0","366","1017782.3457881849","1159","0","25"
"07/22/2008 09:55:55.046","0","0","512","977248000","2791856.1043541324","0","0","0","0","0","0","809","0","366","1149071.7754486278","1159","0","25.78125"
"07/22/2008 09:55:56.046","0","0","512","979997000","2748941.7513805036","0","0","0","0","0","0","809","0","366","1132146.0104257783","1159","0","25.390619999999998"
"07/22/2008 09:55:57.046","0","0","512","982798000","2801022.7962543769","0","0","0","0","0","0","809","0","366","1154405.3951820305","1159","0","25.390630000000002"
"07/22/2008 09:55:58.046","0","0","512","985569000","2770941.6488913288","0","0","0","0","0","0","809","0","365","1140490.9832859235","1159","0","25"
"07/22/2008 09:55:59.046","0","0","512","987217000","1647968.4421932772","0","0","0","0","0","0","809","0","365","658763.38499655237","1162","0","20.703119999999998"
"07/22/2008 09:56:00.046","0","0","512","990013000","2795955.7900543185","0","0","0","0","0","0","809","0","365","1151840.7869728818","1162","0","25.78125"
"07/22/2008 09:56:01.046","0","0","512","992763000","2749926.7472201819","0","0","0","0","0","0","809","0","364","1132100.8430025934","1162","0","25"
"07/22/2008 09:56:02.046","0","0","512","995574000","2810785.2684007473","0","0","0","0","0","0","809","0","364","1156885.6190404433","1162","0","25"
"07/22/2008 09:56:03.046","0","0","512","998361000","2787104.8935542111","0","0","0","0","0","0","809","0","364","1148498.2240856842","1162","0","25"
"07/22/2008 09:56:04.046","0","0","512","1000512000","2150951.5106991134","0","0","0","0","0","0","809","0","364","871895.34470070549","1162","0","25.390630000000002"
"07/22/2008 09:56:05.046","0","0","512","1003285000","2772939.6311472766","0","0","0","0","0","0","809","0","364","1142313.1310369698","1162","0","25"
"07/22/2008 09:56:06.046","0","0","512","1006079000","2793945.9419899052","0","0","0","0","0","0","809","0","364","1152368.7036634535","1162","0","25"
"07/22/2008 09:56:07.046","0","0","512","1008016000","1936957.1265258412","0","0","0","0","0","0","809","0","367","786013.60202386859","1165","0","25"
"07/22/2008 09:56:08.046","0","0","512","1010635000","2618938.0243810434","0","0","0","0","0","0","809","0","365","1003221.2593624132","1172","0","23.4375"
"07/22/2008 09:56:09.046","0","0","512","1013012000","2376896.9224996506","0","0","0","0","0","0","809","0","365","968120.01610479888","1175","0","22.65625"
"07/22/2008 09:56:10.046","0","0","512","1015708000","2695998.4565794687","0","0","0","0","0","0","809","0","365","1113992.362255316","1175","0","25.390619999999998"
"07/22/2008 09:56:11.046","0","0","512","1018466000","2757924.1658761017","0","0","0","0","0","0","809","0","365","1139461.6684360611","1175","0","25.78125"
"07/22/2008 09:56:12.046","0","0","512","1021112000","2645959.332621742","0","0","0","0","0","0","809","0","367","1088478.2705072195","1177","0","25.78125"
"07/22/2008 09:56:13.046","0","0","512","1022249000","1136973.4310163583","0","0","0","0","0","0","809","0","367","420787.16697571729","1186","0","22.265630000000002"
"07/22/2008 09:56:14.046","0","0","512","1025294000","3044940.7431283845","0","0","0","0","0","0","809","0","367","1256854.5406510546","1186","0","25"
"07/22/2008 09:56:15.046","0","0","512","1028254000","2959936.359259374","0","0","0","0","0","0","809","0","367","1221080.745893965","1186","0","25.390619999999998"
"07/22/2008 09:56:16.046","0","0","512","1031247000","2992801.6420661123","0","0","0","0","0","0","809","0","367","1237180.0017594395","1186","0","25.390630000000002"
"07/22/2008 09:56:17.046","0","0","512","1034153000","2906067.1430027639","0","0","0","0","0","0","809","0","367","1198178.6832263952","1186","0","25"
"07/22/2008 09:56:18.046","0","0","512","1037184000","3030937.2876866544","0","0","0","0","0","0","809","0","367","1251935.09654552","1186","0","25"
"07/22/2008 09:56:19.046","0","0","512","1039037000","1852959.3818296052","0","0","0","0","0","0","809","0","367","752126.51285885845","1186","0","25"
"07/22/2008 09:56:20.046","0","0","512","1041229000","2191953.5043486804","0","0","0","0","0","0","809","0","367","902154.86351836973","1186","0","25.78125"
"07/22/2008 09:56:21.046","0","0","512","1043581000","2351955.5697301002","0","0","0","0","0","0","809","0","367","924598.53361461149","1195","0","23.046869999999998"
"07/22/2008 09:56:22.046","0","0","512","1046166000","2584936.7546410896","0","0","0","0","0","0","809","0","367","1047356.3744485469","1204","0","23.046880000000002"
"07/22/2008 09:56:23.046","0","0","512","1048945000","2778743.7124542999","0","0","0","0","0","0","809","0","367","1144272.4620982464","1204","0","25"
"07/22/2008 09:56:24.046","0","0","512","1050453000","1508074.0898277876","0","0","0","0","0","0","809","0","369","587370.85680877487","1215","0","23.046869999999998"
"07/22/2008 09:56:25.046","0","0","512","1053266000","2812935.1107253968","0","0","0","0","0","0","809","0","367","1152931.403978575","1215","0","25"
"07/22/2008 09:56:26.046","0","0","512","1056058000","2791947.519678507","0","0","0","0","0","0","809","0","367","1147208.4358885293","1215","0","25.390630000000002"
"07/22/2008 09:56:27.046","0","0","512","1058050000","1991956.0137309835","0","0","0","0","0","0","809","0","367","781633.74000443623","1224","0","23.046869999999998"
"07/22/2008 09:56:28.046","0","0","512","1060396000","2345923.4778892039","0","0","0","0","0","0","809","0","367","940426.3240602077","1233","0","22.65625"
"07/22/2008 09:56:29.046","0","0","512","1063251000","2854974.70555647","0","0","0","0","0","0","809","0","367","1180167.5439769609","1233","0","25.390630000000002"
"07/22/2008 09:56:30.046","0","0","512","1066129000","2877779.5352242016","0","0","0","0","0","0","809","0","367","1188054.9838980173","1233","0","25.390619999999998"
"07/22/2008 09:56:31.046","0","0","512","1068120000","1991059.6730553997","0","0","0","0","0","0","809","0","367","770715.09871743456","1251","0","19.921880000000002"
"07/22/2008 09:56:32.046","0","0","512","1070887000","2766939.4920046842","0","0","0","0","0","0","809","0","367","1140363.0623087236","1251","0","25"
"07/22/2008 09:56:33.046","0","0","512","1073674000","2786937.3407640452","0","0","0","0","0","0","809","0","367","1144654.264523067","1251","0","25"
"07/22/2008 09:56:34.046","0","0","512","1076496000","2821945.5166490208","0","0","0","0","0","0","809","0","367","1162538.5548479808","1251","0","25.390619999999998"
"07/22/2008 09:56:35.046","0","0","512","1077896000","1399964.0200742271","0","0","0","0","0","0","809","0","371","543033.04372089205","1260","0","22.265630000000002"
"07/22/2008 09:56:36.046","0","0","512","1080350000","2453954.4802823835","0","0","0","0","0","0","809","0","367","988311.66727689002","1263","0","22.265619999999998"
"07/22/2008 09:56:37.046","0","0","512","1083015000","2664909.1055539073","0","0","0","0","0","0","809","0","367","1096611.5968842728","1263","0","25.390630000000002"
"07/22/2008 09:56:38.046","0","0","512","1085665000","2649979.254493549","0","0","0","0","0","0","809","0","367","1093346.4406780356","1263","0","25"
"07/22/2008 09:56:39.046","0","0","512","1088415000","2749935.9246574193","0","0","0","0","0","0","809","0","367","1132488.6122594171","1263","0","25.390619999999998"
"07/22/2008 09:56:40.046","0","0","512","1091123000","2707939.8886221815","0","0","0","0","0","0","809","0","367","1114763.2542678525","1263","0","25"
"07/22/2008 09:56:41.046","0","0","512","1091916000","792984.21108784981","0","0","0","0","0","0","809","0","369","305226.92270236777","1265","0","23.046880000000002"
"07/22/2008 09:56:42.046","0","0","512","1094556000","2639945.4963878854","0","0","0","0","0","0","809","0","369","1052285.2747982752","1274","0","24.609369999999998"
"07/22/2008 09:56:43.046","0","0","512","1096113000","1556965.7709632511","0","0","0","0","0","0","809","0","367","582290.19867001544","1300","0","18.359380000000002"
"07/22/2008 09:56:44.046","0","0","512","1096118000","4999.8430213532029","0","0","0","0","0","0","809","0","367","2459.9227665057756","1300","0","25"
"07/22/2008 09:56:45.046","0","0","512","1096126000","7999.9635610769528","0","0","0","0","0","0","809","0","367","2472.988735817913","1300","0","25"
"07/22/2008 09:56:46.046","0","0","512","1096130000","3999.9294930055371","0","0","0","0","0","0","809","0","367","2495.9560036354551","1300","0","25"
"07/22/2008 09:56:47.046","0","0","512","1096928000","797972.06469386292","0","0","0","0","0","0","809","0","368","177391.78989042842","1307","0","26.5625"
"07/22/2008 09:56:48.046","0","0","512","1097707000","778992.05837450549","0","0","0","0","0","0","809","0","368","133713.63682355199","1307","0","24.609369999999998"
"07/22/2008 09:56:49.046","0","0","512","1099521000","1813938.0419602829","0","0","0","0","0","0","809","0","370","703537.96950256918","1337","0","20.3125"
"07/22/2008 09:56:50.046","0","0","512","1102326000","2804944.1514519784","0","0","0","0","0","0","809","0","367","1117282.7540599117","1387","0","27.34375"
"07/22/2008 09:56:51.046","0","0","512","1104731000","2404890.8026508121","0","0","0","0","0","0","809","0","367","993431.89186907315","1390","0","22.265630000000002"
"07/22/2008 09:56:52.046","0","0","512","1107501000","2770010.2557065794","0","0","0","0","0","0","809","0","367","1164241.3104956897","1390","0","25.390619999999998"
"07/22/2008 09:56:53.046","0","0","512","1110194000","2692944.6748347846","0","0","0","0","0","0","809","0","367","1131443.7550691753","1390","0","25.390630000000002"
"07/22/2008 09:56:54.046","0","0","512","1112924000","2729934.9575132811","0","0","0","0","0","0","809","0","367","1146157.692042989","1390","0","25.78125"
"07/22/2008 09:56:55.046","0","0","512","1115027000","2102955.3921739394","0","0","0","0","0","0","809","0","367","869154.56351973338","1390","0","25.78125"
"07/22/2008 09:56:56.046","0","0","512","1117697000","2669943.8458099179","0","0","0","0","0","0","809","0","367","1123469.3712211691","1390","0","25"
"07/22/2008 09:56:57.046","0","0","512","1120388000","2690943.0610683006","0","0","0","0","0","0","809","0","368","1130671.0755981503","1391","0","25"
"07/22/2008 09:56:58.046","0","0","512","1123131000","2742802.0534959589","0","0","0","0","0","0","809","0","369","1155295.6229551979","1392","0","25.78125"
"07/22/2008 09:56:59.046","0","0","512","1125323000","2192047.7525664754","0","0","0","0","0","0","809","0","369","915197.93708863226","1392","0","25.78125"
"07/22/2008 09:57:00.046","0","0","512","1126616000","1292982.5225456879","0","0","0","0","0","0","809","0","369","476796.55506369029","1401","0","23.4375"
"07/22/2008 09:57:01.046","0","0","512","1129320000","2703942.1877814028","0","0","0","0","0","0","809","0","369","1132211.7925017991","1401","0","25.390619999999998"
"07/22/2008 09:57:02.046","0","0","512","1132045000","2724943.7721909564","0","0","0","0","0","0","809","0","369","1142233.4306023945","1401","0","25.390630000000002"
"07/22/2008 09:57:03.046","0","0","512","1134746000","2700930.2198361121","0","0","0","0","0","0","809","0","369","1132783.7338479103","1401","0","25.78125"
"07/22/2008 09:57:04.046","0","0","512","1137447000","2700954.4664222286","0","0","0","0","0","0","809","0","369","1131318.9278538288","1401","0","25.78125"
"07/22/2008 09:57:05.046","0","0","512","1138662000","1214929.2306228892","0","0","0","0","0","0","809","0","369","491281.38296076679","1401","0","25.390619999999998"
"07/22/2008 09:57:06.046","0","0","512","1141339000","2677046.2816268606","0","0","0","0","0","0","809","0","369","1122574.4074231007","1401","0","25.390630000000002"
"07/22/2008 09:57:07.046","0","0","512","1144040000","2700940.4288719441","0","0","0","0","0","0","809","0","373","1134345.9812069219","1405","0","25.390619999999998"
"07/22/2008 09:57:08.046","0","0","512","1146745000","2704943.2821384994","0","0","0","0","0","0","809","0","373","1135170.1974949839","1405","0","25.390630000000002"
"07/22/2008 09:57:09.046","0","0","512","1149430000","2684942.9463887294","0","0","0","0","0","0","809","0","373","1126595.060453454","1405","0","25.390619999999998"
"07/22/2008 09:57:10.046","0","0","512","1150698000","1267974.981894091","0","0","0","0","0","0","809","0","373","518900.76169530337","1405","0","25.78125"
"07/22/2008 09:57:11.046","0","0","512","1153390000","2691943.1711354502","0","0","0","0","0","0","809","0","375","1130124.1422631452","1407","0","25.390630000000002"
"07/22/2008 09:57:12.046","0","0","512","1156102000","2711911.7023624117","0","0","0","0","0","0","809","0","376","1136439.9984386899","1408","0","25"
"07/22/2008 09:57:13.046","0","0","512","1157609000","1506972.5379957608","0","0","0","0","0","0","809","0","376","621564.6730439635","1408","0","25.390619999999998"
"07/22/2008 09:57:14.046","0","0","512","1160067000","2457966.4065839732","0","0","0","0","0","0","809","0","376","954142.95957711048","1421","0","22.65625"
"07/22/2008 09:57:15.046","0","0","512","1162773000","2705945.8587593297","0","0","0","0","0","0","809","0","376","1139603.198534538","1421","0","26.171880000000002"
"07/22/2008 09:57:16.046","0","0","512","1165467000","2693941.219672095","0","0","0","0","0","0","809","0","376","1132884.2810829596","1421","0","25"
"07/22/2008 09:57:17.046","0","0","512","1168133000","2665944.7096889787","0","0","0","0","0","0","809","0","376","1121112.7487028742","1421","0","26.5625"
"07/22/2008 09:57:18.046","0","0","512","1170789000","2655941.7998103891","0","0","0","0","0","0","809","0","376","1119369.4710304784","1421","0","25.78125"
"07/22/2008 09:57:19.046","0","0","512","1172349000","1559879.7440775284","0","0","0","0","0","0","809","0","376","638341.78827012656","1421","0","25.390619999999998"
"07/22/2008 09:57:20.046","0","0","512","1175016000","2667069.7221271577","0","0","0","0","0","0","809","0","376","1125278.4168555913","1421","0","25"
"07/22/2008 09:57:21.046","0","0","512","1177525000","2508971.6838262379","0","0","0","0","0","0","809","0","376","1055134.0917905618","1421","0","25.390630000000002"
"07/22/2008 09:57:22.046","0","0","512","1179508000","1982945.9065880033","0","0","0","0","0","0","809","0","376","772783.91898171557","1430","0","23.046869999999998"
"07/22/2008 09:57:23.046","0","0","512","1182204000","2695958.867435894","0","0","0","0","0","0","809","0","376","1132714.7180372386","1430","0","25.78125"
"07/22/2008 09:57:24.046","0","0","512","1184906000","2701941.8657966848","0","0","0","0","0","0","809","0","376","1133850.6043968231","1430","0","25"
"07/22/2008 09:57:25.046","0","0","512","1186474000","1567965.734925447","0","0","0","0","0","0","809","0","376","642444.96051943104","1430","0","25.390630000000002"
"07/22/2008 09:57:26.046","0","0","512","1188517000","2042929.2015048226","0","0","0","0","0","0","809","0","376","823037.47732049355","1439","0","22.65625"
"07/22/2008 09:57:27.046","0","0","512","1191278000","2760945.6072801724","0","0","0","0","0","0","809","0","376","1162059.1065553629","1439","0","25.78125"
"07/22/2008 09:57:28.046","0","0","512","1194048000","2769973.5058657699","0","0","0","0","0","0","809","0","377","1165882.848609338","1440","0","25.390619999999998"
"07/22/2008 09:57:29.046","0","0","512","1196809000","2760946.3527023662","0","0","0","0","0","0","809","0","377","1161306.4349284631","1440","0","25.390630000000002"
"07/22/2008 09:57:30.046","0","0","512","1199444000","2634943.1195874163","0","0","0","0","0","0","809","0","377","1103738.1736478352","1440","0","26.171869999999998"
"07/22/2008 09:57:31.046","0","0","512","1200939000","1494970.8955129902","0","0","0","0","0","0","809","0","377","615593.01547309314","1440","0","25.78125"
"07/22/2008 09:57:32.046","0","0","512","1203766000","2826932.4662717241","0","0","0","0","0","0","809","0","377","1191312.540254907","1440","0","25"
"07/22/2008 09:57:33.046","0","0","512","1205490000","1723822.528288393","0","0","0","0","0","0","809","0","377","667124.31793289888","1451","0","23.828130000000002"
"07/22/2008 09:57:34.046","0","0","512","1208161000","2671164.7065760549","0","0","0","0","0","0","809","0","377","1121372.1448812617","1451","0","26.171869999999998"
"07/22/2008 09:57:35.046","0","0","512","1210038000","1876957.9618850015","0","0","0","0","0","0","809","0","377","768675.7840145271","1454","0","22.65625"
"07/22/2008 09:57:36.046","0","0","512","1212638000","2599947.9990901058","0","0","0","0","0","0","809","0","377","1091251.1741580989","1454","0","25.78125"
"07/22/2008 09:57:37.046","0","0","512","1215294000","2655961.0015076068","0","0","0","0","0","0","809","0","378","1113816.6454036981","1455","0","26.171880000000002"
"07/22/2008 09:57:38.046","0","0","512","1217861000","2566928.2818167605","0","0","0","0","0","0","809","0","378","1077359.8993169302","1455","0","25"
"07/22/2008 09:57:39.046","0","0","512","1220261000","2399938.2481327495","0","0","0","0","0","0","809","0","378","998642.30432759854","1455","0","26.171869999999998"
"07/22/2008 09:57:40.046","0","0","512","1220521000","259982.45389786089","0","0","0","0","0","0","809","0","378","94254.63879563949","1455","0","25.390630000000002"
"07/22/2008 09:57:41.046","0","0","512","1221171000","650006.64046432904","0","0","0","0","0","0","809","0","378","252434.57887029464","1455","0","26.171869999999998"
"07/22/2008 09:57:42.046","0","0","512","1223728000","2556994.2213375261","0","0","0","0","0","0","809","0","378","1074838.5709255566","1455","0","25"
"07/22/2008 09:57:43.046","0","0","512","1226374000","2645947.4164171228","0","0","0","0","0","0","809","0","378","1113430.872506385","1455","0","25.390630000000002"
"07/22/2008 09:57:44.046","0","0","512","1228965000","2590941.844525509","0","0","0","0","0","0","809","0","378","1087477.5908163567","1455","0","25"
"07/22/2008 09:57:45.046","0","0","512","1231600000","2634948.2179746972","0","0","0","0","0","0","809","0","378","1108915.2075886934","1455","0","25"
"07/22/2008 09:57:46.062","0","0","512","1232689000","1072173.7380731823","0","0","0","0","0","0","809","0","378","440090.39889577433","1455","0","26.923076923076927"
"07/22/2008 09:57:47.062","0","0","512","1232984000","295004.86340234423","0","0","0","0","0","0","809","0","378","106355.7533637048","1455","0","25.390619999999998"
"07/22/2008 09:57:48.062","0","0","512","1235550000","2565971.8776512793","0","0","0","0","0","0","809","0","378","1079343.1706945817","1455","0","25.78125"
"07/22/2008 09:57:49.062","0","0","512","1237312000","1761956.7054012215","0","0","0","0","0","0","809","0","380","727922.11358102458","1459","0","22.65625"
"07/22/2008 09:57:50.062","0","0","512","1239918000","2605948.5728905918","0","0","0","0","0","0","809","0","378","1016020.9493278319","1488","0","25.390630000000002"
"07/22/2008 09:57:51.062","0","0","512","1242602000","2683940.9346465147","0","0","0","0","0","0","809","0","378","1125887.2226563811","1488","0","25"
"07/22/2008 09:57:52.062","0","0","512","1245327000","2724955.4514982752","0","0","0","0","0","0","809","0","378","1144864.2833679633","1488","0","25.390619999999998"
"07/22/2008 09:57:53.062","0","0","512","1248022000","2694616.5454423237","0","0","0","0","0","0","809","0","378","1132778.8011107333","1488","0","25.78125"
"07/22/2008 09:57:54.062","0","0","512","1250338000","2316224.4741783412","0","0","0","0","0","0","809","0","378","963809.4064582272","1488","0","25.78125"
"07/22/2008 09:57:55.062","0","0","512","1252548000","2209950.7856263635","0","0","0","0","0","0","809","0","378","914129.64284178289","1491","0","23.046880000000002"
"07/22/2008 09:57:56.078","0","0","512","1255254000","2664303.1757371314","0","0","0","0","0","0","809","0","378","1119073.3014048557","1491","0","25.769225846153844"
"07/22/2008 09:57:57.093","0","0","512","1258009000","2712574.8739483873","0","0","0","0","0","0","809","0","378","1136905.6056170024","1491","0","25.769235692307689"
"07/22/2008 09:57:58.093","0","0","512","1260744000","2734724.4731422854","0","0","0","0","0","0","809","0","378","1149341.2024587614","1491","0","25.78125"
"07/22/2008 09:57:59.093","0","0","512","1262972000","2228135.6845007343","0","0","0","0","0","0","809","0","378","923523.23885046656","1491","0","25.78125"
"07/22/2008 09:58:00.093","0","0","512","1265541000","2568934.9979360979","0","0","0","0","0","0","809","0","378","1078952.699133161","1491","0","25.390619999999998"
"07/22/2008 09:58:01.093","0","0","512","1268211000","2669949.0920183873","0","0","0","0","0","0","809","0","378","1120058.6438157137","1491","0","25.390630000000002"
"07/22/2008 09:58:02.093","0","0","512","1270915000","2703939.652955547","0","0","0","0","0","0","809","0","378","1136813.6283751223","1491","0","25.390619999999998"
"07/22/2008 09:58:03.093","0","0","512","1272687000","1771960.0942413716","0","0","0","0","0","0","809","0","378","649460.37370621599","1500","0","22.65625"
"07/22/2008 09:58:04.093","0","0","512","1274997000","2309963.5698978007","0","0","0","0","0","0","809","0","378","958637.88146027538","1503","0","23.046880000000002"
"07/22/2008 09:58:05.093","0","0","512","1277637000","2639851.3173914272","0","0","0","0","0","0","809","0","378","1110910.4309228433","1503","0","25.390619999999998"
"07/22/2008 09:58:06.109","0","0","512","1280321000","2642724.232908438","0","0","0","0","0","0","809","0","378","1112325.9773444221","1503","0","25.000004923076922"
"07/22/2008 09:58:07.109","0","0","512","1282971000","2649943.163452487","0","0","0","0","0","0","809","0","378","1115637.0715775716","1503","0","25.78125"
"07/22/2008 09:58:08.109","0","0","512","1284041000","1069978.2144507198","0","0","0","0","0","0","809","0","380","428480.27582408831","1505","0","23.4375"
"07/22/2008 09:58:09.109","0","0","512","1286914000","2872862.1527468595","0","0","0","0","0","0","809","0","378","1174996.6206653866","1512","0","25"
"07/22/2008 09:58:10.109","0","0","512","1289816000","2901989.2846724493","0","0","0","0","0","0","809","0","378","1222783.484984857","1512","0","25.390619999999998"
"07/22/2008 09:58:11.125","0","0","512","1292743000","2881909.8152549015","0","0","0","0","0","0","809","0","378","1212476.6642522046","1512","0","25.769235692307689"
"07/22/2008 09:58:12.140","0","0","512","1295696000","2907474.6462740432","0","0","0","0","0","0","809","0","378","1226679.6019716996","1512","0","25.384615384615383"
"07/22/2008 09:58:13.140","0","0","512","1298589000","2893005.7967154472","0","0","0","0","0","0","809","0","371","1219936.4443865409","1513","0","25"
"07/22/2008 09:58:14.140","0","0","512","1300501000","1911958.9058606208","0","0","0","0","0","0","809","0","371","791315.99207709346","1513","0","25"
"07/22/2008 09:58:15.156","0","0","512","1302604000","2070600.4909201621","0","0","0","0","0","0","809","0","371","868669.58170242701","1513","0","24.999995076923078"
"07/22/2008 09:58:16.156","0","0","512","1304917000","2312932.6635400788","0","0","0","0","0","0","809","0","371","925382.05933158693","1522","0","22.265630000000002"
"07/22/2008 09:58:17.171","0","0","512","1307438000","2482194.1879706876","0","0","0","0","0","0","809","0","371","1023332.5535810245","1531","0","22.692302769230764"
"07/22/2008 09:58:18.171","0","0","512","1310164000","2725941.2983216825","0","0","0","0","0","0","809","0","371","1143185.382118243","1531","0","25.390630000000002"
"07/22/2008 09:58:19.171","0","0","512","1311701000","1536966.873428416","0","0","0","0","0","0","809","0","371","605193.95612686488","1542","0","22.65625"
"07/22/2008 09:58:20.171","0","0","512","1314412000","2710953.0373013872","0","0","0","0","0","0","809","0","372","1136325.3150764459","1543","0","25.390619999999998"
"07/22/2008 09:58:21.171","0","0","512","1317115000","2702779.4924908439","0","0","0","0","0","0","809","0","372","1134353.4532513015","1543","0","25"
"07/22/2008 09:58:22.171","0","0","512","1319043000","1928069.888376157","0","0","0","0","0","0","809","0","372","767416.81720492255","1552","0","22.65625"
"07/22/2008 09:58:23.171","0","0","512","1321325000","2281955.5143893869","0","0","0","0","0","0","809","0","372","932596.81947951717","1561","0","22.265630000000002"
"07/22/2008 09:58:24.171","0","0","512","1324135000","2809948.3403912522","0","0","0","0","0","0","809","0","372","1183288.2457894564","1561","0","25.390619999999998"
"07/22/2008 09:58:25.171","0","0","512","1326596000","2460938.6995495055","0","0","0","0","0","0","809","0","372","1020822.5719454342","1565","0","22.65625"
"07/22/2008 09:58:26.171","0","0","512","1328828000","2231777.3885604986","0","0","0","0","0","0","809","0","372","899677.26056134142","1579","0","23.046880000000002"
"07/22/2008 09:58:27.171","0","0","512","1331553000","2725165.1442855927","0","0","0","0","0","0","809","0","373","1144578.3611453797","1580","0","25.390619999999998"
"07/22/2008 09:58:28.171","0","0","512","1334266000","2712775.5234373496","0","0","0","0","0","0","809","0","373","1139130.7392878418","1580","0","25.390630000000002"
"07/22/2008 09:58:29.171","0","0","512","1336748000","2482060.632122864","0","0","0","0","0","0","809","0","373","1036077.3094408369","1580","0","25.78125"
"07/22/2008 09:58:30.171","0","0","512","1338123000","1374994.4795351764","0","0","0","0","0","0","809","0","373","522786.90106306568","1592","0","19.53125"
"07/22/2008 09:58:31.171","0","0","512","1340759000","2635940.4984257128","0","0","0","0","0","0","809","0","373","1106286.0276000944","1592","0","25.78125"
"07/22/2008 09:58:32.171","0","0","512","1343314000","2554924.7848947104","0","0","0","0","0","0","809","0","373","1074140.3780978164","1592","0","25.390619999999998"
"07/22/2008 09:58:33.171","0","0","512","1346011000","2696966.3865255369","0","0","0","0","0","0","809","0","373","1133215.8762337167","1592","0","25.390630000000002"
"07/22/2008 09:58:34.171","0","0","512","1348599000","2587947.0745705268","0","0","0","0","0","0","809","0","373","1086309.7841624226","1592","0","25"
"07/22/2008 09:58:35.171","0","0","512","1350232000","1632946.7652251397","0","0","0","0","0","0","809","0","373","671132.1208009267","1592","0","25.390619999999998"
"07/22/2008 09:58:36.171","0","0","512","1352099000","1866963.8074777003","0","0","0","0","0","0","809","0","373","735706.737761811","1601","0","22.65625"
"07/22/2008 09:58:37.171","0","0","512","1354084000","1984977.6571538178","0","0","0","0","0","0","809","0","375","786774.14409493818","1619","0","18.75"
"07/22/2008 09:58:38.171","0","0","512","1354504000","419992.03767501388","0","0","0","0","0","0","809","0","373","147104.21115775779","1629","0","23.4375"
"07/22/2008 09:58:39.171","0","0","512","1354510000","5999.9462568249828","0","0","0","0","0","0","809","0","373","2423.9782877572934","1629","0","25"
"07/22/2008 09:58:40.171","0","0","512","1354517000","6999.8474771365445","0","0","0","0","0","0","809","0","373","3042.9336961323579","1629","0","25"
"07/22/2008 09:58:41.171","0","0","512","1355237000","719976.21258062182","0","0","0","0","0","0","809","0","374","171752.32544503117","1636","0","25.78125"
"07/22/2008 09:58:42.171","0","0","512","1355538000","300978.19053688203","0","0","0","0","0","0","809","0","372","34904.470754388509","1641","0","25"
"07/22/2008 09:58:43.171","0","0","512","1356510000","972043.23175699252","0","0","0","0","0","0","0","0","378","252173.21543858718","1649","0","22.265630000000002"
